geneSymbol,Antiphospholipid_Syndrome,hepC_3,Autoimmune_hemolytic_anemia,hepC_1,Rheumatoid_Arthritis,Sjogrens_Syndrome,Immune_thrombocytopenic_purpura,Glomerulonephritis
A1CF,,,,,yes,,,
A2M,,,,,yes,,,
AAAS,,,,,yes,,,
AAVS1,,,,,yes,,,
ABCA1,yes,,,,yes,,,
ABCA4,,,,,yes,,,
ABCA7,,,,,,yes,,
ABCB1,,,,,yes,,,yes
ABCB4,,yes,,,,,,
ABCC11,,,,,yes,,,
ABCC2,,,,,yes,,,
ABCC3,,,,yes,yes,,,
ABCC4,,,,,yes,,,
ABCC5,,,,,yes,,,
ABCC6,,,,,yes,,,
ABCC8,,,,,yes,,,
ABCG2,,,,,yes,,,
ABLIM3,,,,yes,,,,
ABO,,,,,yes,,,
AC004231.2,,,,yes,,,,
AC004510.3,,,,yes,,,,
AC009014.3,,,,yes,,,,
AC012531.23,,,,yes,,,,
AC022816.2,,,,yes,,,,
AC093642.5,,,,yes,,,,
AC093734.1,,,,yes,,,,
AC140912.1,,,,yes,,,,
ACAN,,,,,yes,,,
ACE,,,,,yes,,,yes
ACE2,,,,yes,,,,
ACHE,,,,yes,,,,
ACKR3,,,,,yes,,,
ACOT12,,,,yes,,,,
ACOXL,,,,,yes,,,
ACP1,,,,,yes,,,
ACP5,,,,,yes,,yes,
ACR,,,,,yes,,,
ACSBG1,,,,,yes,,,
ACSM2A,,,,yes,,,,
ACSS2,,,,yes,,,,
ACTN1,,,,,yes,,,
ADA,,,yes,,yes,,yes,
ADA2,,,,,yes,,,
ADAD1,,,,,yes,,,
ADAM11,,,,,yes,,,
ADAM15,,,,,yes,,,
ADAM17,,,,,yes,yes,,
ADAM8,,,,,yes,,,
ADAMTS12,,yes,,,yes,,,
ADAMTS13,,,,,,,yes,
ADAMTS3,,,,,yes,,,
ADAMTS4,,,,,yes,,,
ADAMTS5,,,,,yes,,,
ADAMTS7,,,,,yes,,,
ADAMTS9,,,,,yes,,,
ADCY5,,,,yes,,,,
ADGB,,,,yes,,,,
ADGRE5,,,,,yes,,,
ADH6,,,,yes,,,,
ADI1,,,,,yes,,,
ADIPOQ,,,,,yes,yes,,
ADIPOR1,,,,,yes,,,
ADIPOR2,,,,,yes,,,
ADM,,,,,yes,,,yes
ADORA2A,,,,,yes,,,
ADPRH,,,,yes,,,,
ADRA1A,,,,,yes,,,
ADRA2B,,,,,yes,,,
ADRB2,,,,,yes,,,
ADRB3,,,,,yes,,,
ADRM1,,,,,yes,,,
AFF3,,,,,yes,,,
AFP,,,,,yes,,,
AGBL2,,,,,yes,,,
AGER,,,,,yes,yes,,
AGPAT1,,,,,yes,,,
AGT,,,,,,,,yes
AGTR1,,,,,,,,yes
AGTR2,,,,,,,,yes
AGXT2,,yes,,,yes,,,
AHCY,,,,,,,yes,
AHR,,,,,yes,,,
AHSA1,,,,,yes,,,
AICDA,,,,,yes,yes,,
AIF1,,,,,yes,,,yes
AIMP1,,,,,yes,,,
AIMP2,,,,,yes,,,
AIRE,,,,,yes,yes,,
AKIRIN2,,,,,yes,,,
AKNA,,yes,,yes,,,,
AKR1B10,,,,yes,yes,,,
AKT1,,,,,yes,,,
AKT3,,,,yes,,,,
AL162759.1,,,,yes,,,,
AL354933.1,,,,yes,,,,
ALB,,,,,yes,,,yes
ALCAM,,,,,yes,yes,,
ALDH1A1,,,,,yes,,,
ALDH1A2,,,,,yes,,,
ALDH1A3,,,,,yes,,,
ALG1L13P,,,,yes,,,,
ALOX12,,,,,yes,,,
ALOX15,,,,,yes,,,yes
ALOX5,,,,,yes,,,yes
ALOX5AP,,,,,,,,yes
ALPK1,,,,yes,,,,
ALPK3,,,,yes,,,,
ALS2CR12,,,,,yes,,,
AMPD1,,,,,yes,,,
ANAPC15,,yes,,,,,,
ANG,,,,,yes,,,
ANGPT1,,,,,yes,,,
ANGPT2,,,,yes,yes,,,
ANGPT4,,,,,,,,yes
ANGPTL4,,,,,yes,,,
ANKH,,,,,yes,,,
ANKRD1,,,,yes,,,,yes
ANKRD33,,,,yes,,,,
ANKRD33B,,,,yes,,,,
ANKRD53,,,,yes,,,,
ANKRD55,,,,,yes,,,
ANKRD9,,yes,,,,,,
ANO9,,,,yes,,,,
ANP32B,,,,,yes,,yes,
ANPEP,,,,,yes,,,
ANXA1,,yes,,yes,yes,,,
ANXA2,yes,,,,,,,
ANXA3,,yes,,yes,yes,,,
ANXA5,yes,,,,yes,,,yes
AP4B1-AS1,,,,,yes,,,
APBA3,,yes,,,,,,
APBB1IP,,,,yes,,,,
APBB3,,yes,,,,,,
APC,,,,,yes,,,
APCS,,,,,,,,yes
APOA1,,,,,yes,,,
APOA2,,,,,yes,,,
APOB,,,,,yes,,,
APOC3,,yes,,,,,,
APOE,,,,,yes,,,
APOH,yes,,,,,yes,,
APOM,,,,,yes,,,
APP,,,,,yes,,,
AQP10,,,,yes,,,,
AQP5,,,,,,yes,,
AR,,,,,yes,,yes,
ARC,,,,,yes,,,
AREG,,yes,,,yes,yes,,
AREGB,,,,yes,,,,
ARG1,,yes,,,,,,
ARG2,,,,,yes,,,
ARHGAP45,,,,,,yes,,
ARHGEF2,,,,,yes,,,
ARHGEF5,,,,,,,yes,
ARHGEF7,,,,,yes,,,
ARID5B,,,,,yes,,,
ARL15,,,,,yes,,,
ARL3,,yes,,,,,,
ARMH1,,,,,yes,,,
ARNTL,,,,,yes,,,
ARNTL2,,,,,yes,,,
ARRB1,,,,,yes,,,
ARSD,,,,,yes,,,
ARSI,,,,yes,,,,
ARSJ,,,,yes,,,,
ARVCF,,yes,,yes,,,,
ASB15,,,,,yes,,,
ASCC1,,,,,yes,,,
ASF1A,,,,,yes,,,
ASIC1,,,,,yes,,,
ASIC3,,,,,yes,,,
ASIP,,,,,yes,,,
ASNS,,yes,,,,,,
ASNSP1,,,,yes,,,,
ASPA,,,,,yes,,,
ASPM,,,,,yes,,,
ASPN,,,,,yes,,,
ASXL1,,,,,yes,,,
ATAD1,,yes,,,,,,
ATAT1,,,,,yes,,,
ATD,,,,,,yes,,
ATF2,,,,,yes,,,
ATF3,,,,yes,,,,
ATF7IP,,,,,yes,yes,,
ATG5,,,,,yes,,,
ATIC,,,,,yes,,,
ATM,,,,,yes,,,
ATN1,,,,,yes,yes,,yes
ATP1A1,,,,,yes,,,
ATP5H,,yes,,,,,,
ATP6AP1,,,,,,,yes,
ATP6V1G2,,,,,yes,,,
ATP6V1G2-DDX39B,,,,,yes,,,
ATXN2,yes,,,,,,,
AURKA,,,,,yes,,,
AXL,,,,,,,,yes
B3GAT1,,,,,yes,,,
B3GNT2,,,,,yes,,,
B3GNT9,,,,,yes,,,
B3GNTL1,,,,,yes,,,
B4GALT7,,,,,yes,,,
B9D1,,yes,,,,,,
BACH1-IT1,,,,yes,,,,
BACH2,,,,yes,yes,,,
BAG6,,,,,yes,,,
BAIAP2L1,,,,,yes,,,
BAIAP2L2,,,,yes,,,,
BAK1,,,,,yes,,,
BANK1,,,,,yes,,,
BATF,,,,yes,yes,,,
BAX,,,,,yes,,,yes
BBC3,,,,yes,yes,,,
BCAN,,,,yes,,,,
BCAR1,,,,,yes,,,
BCL2,,,,,yes,yes,,yes
BCL2A1,,,,,yes,,,
BCL2L1,,,,,yes,,,
BCL2L11,,,,,yes,,,
BCL3,,,,yes,yes,,,
BCL6,,,,,yes,yes,yes,
BCR,,,,,yes,,,
BDKRB2,,,,,yes,,,
BDNF,,,,,yes,yes,,
BECN1,,,,,yes,,,
BGLAP,,,,,yes,,,
BGN,,,,,yes,,,
BHLHE40,,,,yes,,,,
BHLHE40-AS1,,,,yes,,,,
BHLHE41,,,,yes,yes,,,
BIRC3,,,,yes,,,,
BIRC5,,,,,yes,,,
BLK,,,,,yes,yes,,
BLNK,,,,,yes,,,
BLZF1,,,,,yes,,,
BMI1,,,,,,,yes,
BMP2,,yes,,,yes,,,
BMP4,,,,,yes,,,
BMP5,,,,,yes,,,
BMP6,,,,,yes,yes,,
BMS1P20,,,,,yes,,,
BMX,,,,,yes,,,
BPI,,,,,yes,,,
BPIFA2,,,,,,yes,,
BRAF,,,,,yes,,,
BRD2,,,,,yes,,,
BRD3,,,,,yes,,,
BRD4,,,,,yes,,,
BRINP2,,,,yes,,,,
BRINP3,,,,yes,,,,
BRS3,,,,,yes,,,
BSG,,,,,yes,,,
BST1,,,,,yes,,,
BTBD19,,,,yes,,,,
BTF3P11,,,,,yes,,,
BTG2,,,,,yes,,,
BTG3,,,,,yes,,,
BTK,,,,,yes,,,
BTLA,,,,,yes,yes,,
BTN2A2,,,,yes,,,,
BTN2A3P,,,,yes,,,,
BTNL2,,,,,yes,,,
BW54,,,,,yes,,,
C10orf55,,,,yes,,,,
C12orf39,,,,yes,,,,
C19orf26,,,,yes,,,,
C1QTNF6,,,,,yes,,,
C1orf147,,,,yes,,,,
C2,,,,,yes,,,
C2-AS1,,,,,yes,,,
C20orf181,,,,,,,,yes
C2CD2,,yes,,,,,,
C2CD4C,,,,yes,,,,
C3,,,,,yes,yes,,yes
C3ORF62,,yes,,,,,,
C4A,,,,,yes,,,yes
C4B,,,,,yes,,,
C4B_2,,,,,yes,,,
C4ORF19,,yes,,,,,,
C5,,,,,yes,,,
C5AR1,,,,,yes,,,
C5orf30,,,,,yes,,,
C6,,,,,,,,yes
C6orf10,,,,,yes,,,
C6orf47,,,,,yes,,,
C7ORF49,,yes,,,,,,
C8orf47,,,,yes,,,,
C9orf9,,,,yes,,,,
CA1,,,,,yes,yes,,
CA13,,,,,yes,,,
CA2,,,,,yes,yes,,
CA3,,,,,yes,,,
CA6,,,,,,yes,,
CABIN1,,,,,yes,,,
CACNA1H,,,,yes,,,,
CACNA1S,,,,,yes,,,
CACNG4,,,,yes,,,,
CALB1,,,,,yes,,,
CALCRL,,,,,yes,,,
CALD1,,,,,yes,,,
CALM1,,,,,yes,yes,,
CALM2,,,,,yes,yes,,
CALM3,,,,,yes,yes,,
CALR,,,,,yes,yes,,
CAMP,,,,,,,yes,
CAND2,,yes,,,,,,
CARD8,,,,,yes,,,
CASC3,,,,,yes,,,
CASP1,,,,,yes,,,yes
CASP10,,,yes,,,,yes,
CASP3,,,,,yes,yes,,
CASP5,,,,,yes,,,
CASP7,,,,,yes,,,
CASP8,,,,,yes,,,
CAST,,,,,yes,yes,,yes
CASZ1,,yes,,,,,,
CAT,,,,,yes,,,
CATSPERG,,,,yes,,,,
CAV2,,,,,yes,,,
CBLL2,,,,,yes,,,
CCDC113,,,,yes,,,,
CCDC26,,,,,yes,,,
CCDC61,,yes,,,,,,
CCHCR1,,,,,yes,,,
CCL1,,,,,,,,yes
CCL13,,,,,yes,,,yes
CCL17,,,,,yes,yes,,
CCL18,,,,,yes,yes,yes,
CCL2,yes,,,,yes,,,yes
CCL20,,,,,yes,,,
CCL21,,,,,yes,yes,,
CCL22,,,,,yes,,,yes
CCL23,,,,,yes,,,
CCL25,,,,,yes,,,
CCL26,,,,,yes,,,
CCL27,,,,,yes,,,
CCL28,,,,,yes,,,
CCL3,,,,,yes,,,yes
CCL3L1,,,,,yes,,,
CCL4,,,,,yes,,,yes
CCL4L1,,,,,yes,,,
CCL4L2,,,,,yes,,,
CCL5,,,,,yes,,,yes
CCL7,,,,,yes,,,yes
CCL8,,,,,yes,,,
CCNA2,,,,,yes,yes,,
CCNB1,,,,,yes,,,
CCND1,,,,,yes,,,
CCND3,,,,,yes,,,
CCR1,,,,,yes,,,
CCR10,,,,,yes,,,
CCR2,,,,,yes,,,
CCR3,,,,,yes,,yes,
CCR4,,,,,yes,,,yes
CCR5,,,,,yes,,yes,
CCR6,,,,,yes,,,yes
CCR7,,,,,,yes,,
CCR9,,,,,yes,,,
CCRL2,,,,,yes,,,
CCT3,,,,,yes,,,
CD109,,,,yes,,,,
CD14,,,,,yes,yes,,
CD160,,,,,yes,,,
CD163,,,,,yes,,,yes
CD19,,,,,yes,,yes,
CD1D,yes,,,,yes,,,
CD2,,,,,yes,,,
CD209,,,,,yes,,,
CD226,,,,,yes,,,
CD244,,,,,yes,,,
CD247,,,,,yes,,,
CD248,,,,,yes,,,
CD27,,,,,yes,,,
CD274,,,,,yes,yes,,
CD276,,,,,yes,,,
CD28,,,,,yes,,yes,
CD34,,,,,yes,,yes,
CD38,,,,,yes,,,
CD3E,,,,,yes,,,
CD4,,,,,yes,yes,,
CD40,,,,,yes,yes,yes,
CD40LG,,,,,yes,,yes,yes
CD44,,,,yes,yes,,yes,
CD46,,,,,,,,yes
CD47,,,yes,,yes,,,
CD48,,,,,,,,yes
CD5,,,,,yes,,,
CD55,,,yes,,yes,,,
CD58,,,,,yes,,,
CD59,,,yes,,yes,,,yes
CD6,,,,,yes,,,
CD63,,,,,yes,,,
CD68,,,,,yes,yes,,
CD69,,,,,yes,,yes,
CD70,,,,,yes,,yes,
CD72,,,,,,,yes,
CD74,,,,,,,,yes
CD79A,,,,,yes,,,
CD80,,,,,yes,,,
CD81,,,,,,,yes,
CD82,,,,yes,yes,,,
CD83,,,,yes,yes,,,
CD84,,,,,yes,,,
CD86,,,,,yes,,yes,
CD8A,,,,,yes,,,
CD9,,,,,,yes,,
CDC42,,,,,yes,,,
CDC42EP1,,,,,yes,,,
CDH11,,,,,yes,,,
CDK1,,,,,yes,,,
CDK10,,,,,yes,,,
CDK2,,,,,yes,,,
CDK4,,,,,yes,,,
CDK5,,,,,yes,,,
CDK5RAP2,,,,,yes,,,
CDK6,,,,,yes,,,
CDKN1A,,,,,yes,,,
CDKN1B,,,,,yes,,,
CDKN2A,,,,,yes,yes,,
CDKN2B,,,,,,,yes,
CDKN2C,,,,,yes,,,
CDKN2D,,,,,yes,yes,,
CDKN3,,,,,yes,,,
CDR1,,,,yes,,,,
CDR3,,,yes,,yes,,yes,
CDSN,,,,,yes,,,
CEBPB,,,,,yes,,,
CEBPD,,,,yes,yes,,,
CELSR2,,yes,,,,,,
CEMIP,,,,,yes,,,
CENPH,,yes,,,,,,
CENPJ,,,,,yes,,,
CEP89,,,,,yes,,,
CFB,,,,,yes,,,
CFD,,,,,,,,yes
CFDP1,,,,,yes,,,
CFH,,,,,yes,,,yes
CFHR5,,,,,,,,yes
CFI,,,,,,,,yes
CFLAR,,,,,yes,,,
CFTR,,,,,yes,,,
CHAC1,,,,yes,,,,
CHAT,,,,,yes,,,
CHD7,,,,,yes,,,
CHEK2,,,,,yes,,,
CHGA,,,,,yes,,,
CHI3L1,,,,,yes,,,
CHID1,,,,,yes,,,
CHKA,,,,,yes,,,
CHP1,,,,,,yes,,
CHRM3,,,,,,yes,,
CHST15,,,,yes,,,,
CHST3,,,,,yes,yes,,
CHST6,,,,yes,,,,
CHUK,,,,,yes,,,
CIAO1,,,,,yes,,,
CIB1,,,,,yes,,,
CIC,,,,,yes,,,yes
CIITA,,,,,yes,,,
CILP,,,,,yes,,,
CISH,,,,,yes,,,
CIZ1,,,,,yes,,,
CLEC10A,,,,,yes,,,
CLEC12A,,,,,yes,,,
CLEC16A,,,,,yes,,,
CLEC1B,,,,,yes,,,
CLEC4A,,,,,yes,,,
CLEC5A,,,,,yes,,,
CLEC6A,,,,,yes,,,
CLEC7A,,,,,yes,,,
CLIC1,,,,,yes,,,
CLN3,,,,,,yes,,
CLN8,,,,,yes,,,
CLOCK,,,,,yes,yes,,
CLSTN2,,,,,yes,,,
CLTA,,,,,yes,,,
CLU,,,,,yes,,,
CLUHP3,,,,yes,,,,
CLYBL,,,,,yes,,,
CMKLR1,,,,,yes,,,
CNIH2,,yes,,,,,,
CNN1,,,,yes,,,,yes
CNNM3-DT,,,,,yes,,,
CNR1,,,,,yes,,,
CNR2,,,,,yes,,yes,
CNTFR,,,,,yes,,,
CNTN2,,,,,yes,yes,,
CNTRL,,,,,yes,,,
COG6,,,,,yes,,,
COL11A2,,,,,yes,,,
COL16A1,,,,yes,,,,
COL18A1,,,,,yes,,,
COL2A1,,,,,yes,,,
COL4A1,,,,yes,,,,
COL4A3,,,,,,,,yes
COL4A3BP,,,,,,,,yes
COL4A5,,,,,,,,yes
COL7A1,,,,yes,,,,
COLEC12,,,,yes,,,,
COMMD3-BMI1,,,,,,,yes,
COMP,,,,,yes,,,
COPB2,,,,,yes,,,
COTL1,,,,,yes,,,
COX1,,,,,yes,,,
COX2,,,,,yes,,,
COX5A,,,,,yes,,,
COX8A,,,,,yes,,,
CP,,yes,,,yes,,,yes
CPA4,,,,yes,,,,
CPA6,,,,yes,,,,
CPB1,,,,,yes,,,
CPB2,yes,,,,,,,
CPEB4,,yes,,,,,,
CPNE8,,yes,,,,,,
CPOX,,,,,yes,,,
CPQ,,yes,,,yes,,,
CR1,,,yes,,yes,,,yes
CR2,,,,,yes,yes,yes,
CRABP1,,,,,yes,,,
CRABP2,,,,yes,yes,,,
CREB1,,,,,yes,,,
CREB3L1,,,,yes,,,,
CREB5,,,,yes,,,,
CREBRF,,,,yes,yes,,,
CRH,,,,,yes,,,
CRHR1,,,,,yes,,,
CRHR2,,,,,yes,,,
CRIP2,,,,yes,,,,
CRISP2,,,,,yes,,,
CRISP3,,,,,,yes,,
CRISPLD2,,,,yes,,,,
CRK,,,,,yes,,,
CRP,yes,,,,yes,,yes,yes
CRYGD,,,,,yes,,,
CSE1L,,,,,yes,,,
CSF1,,yes,,yes,yes,,,
CSF1R,,,,,yes,,,
CSF2,,,,,yes,,,
CSF2RA,,,,,yes,,,
CSK,,,,,yes,,,
CSNK2B,,,,,yes,,,
CSRP1,,,,,yes,,,
CST3,,,,,yes,,,
CTA-125H2.2,,,,yes,,,,
CTC-454I21.3,,,,yes,,,,
CTD-2012K14.3,,,,yes,,,,
CTD-2012K14.4,,,,yes,,,,
CTD-2020K17.3,,,,yes,,,,
CTD-2201I18.1,,,,yes,,,,
CTD-2227E11.1,,,,yes,,,,
CTD-2228K2.7,,,,yes,,,,
CTD-2265M8.2,,,,yes,,,,
CTD-2358C21.4,,,,yes,,,,
CTD-2369P2.8,,,,yes,,,,
CTD-2547E10.2,,,,yes,,,,
CTD-2555C10.3,,,,yes,,,,
CTGF,,,,,yes,,,
CTH,,yes,,,,,,
CTHRC1,,,,,yes,,,
CTIF,,,,,yes,,,
CTLA4,,,yes,,yes,yes,yes,yes
CTRB1,,,,,yes,,,
CTSB,,,,,yes,yes,,
CTSD,,,,,yes,yes,,
CTSE,,,,yes,,,,
CTSK,,,,,yes,,,
CTSL,,,,,yes,,,
CTSS,,,,,yes,,,
CTU1,,yes,,,,,,
CUL1,,,,,yes,,,
CUL9,,,,,,yes,yes,
CX3CL1,,,,,yes,yes,,yes
CX3CR1,,,,,yes,yes,yes,yes
CXADR,,,,,yes,,,
CXCL1,,,,yes,yes,yes,,
CXCL10,,,,yes,yes,yes,,yes
CXCL11,,,,,yes,yes,,
CXCL12,,,,,yes,yes,yes,
CXCL13,,,,,yes,yes,yes,
CXCL16,,,,,yes,,,
CXCL2,,,,yes,yes,,,
CXCL3,,,,yes,,,,
CXCL5,,yes,,yes,,,,
CXCL6,,,,yes,yes,,,
CXCL8,,,,,yes,yes,yes,yes
CXCL9,,,,,yes,yes,,yes
CXCR1,,,,,yes,,,
CXCR2,,,,,yes,yes,,
CXCR3,,,,,yes,,yes,yes
CXCR4,,,,,yes,yes,yes,yes
CXCR5,,,,,yes,yes,yes,
CXCR6,,,,,yes,,,
CYB5A,,,,,yes,,,
CYB5R4,,yes,,,,,,
CYBB,,,,,yes,,,
CYCS,,,,,yes,,,
CYLD,,,,yes,yes,,,
CYP19A1,,,,,yes,yes,,
CYP1A2,,,,,yes,,,
CYP1B1,,,,yes,,,,
CYP26A1,,,,,yes,,,
CYP2B6,,,,,yes,,,yes
CYP2C19,,,,,yes,,,
CYP2D6,,,,,yes,,,
CYP2R1,,yes,,,,,,
CYP3A5,,,,,yes,,,
CYP51A1,,yes,,,,,,
CYP7B1,,,,,yes,,,
CYR61,,yes,,yes,yes,yes,,
DAB2,,yes,,,,,,
DAGLA,,yes,,,,,,
DAPK2,,,,yes,,,,
DAPK3,,,,yes,,,,
DAXX,,,,,yes,,,
DBA2,,,,,yes,yes,,yes
DCC,,,,,yes,,,
DCLRE1C,,,,,yes,,,
DCN,,,,,,,,yes
DCTN5,,yes,,,,,,
DCTN6,,,,,yes,,,
DCUN1D3,,yes,,,,,,
DDAH1,,,,,yes,,,
DDAH2,,,,,yes,,,
DDIT3,,yes,,yes,,,,yes
DDIT4,,,,yes,yes,,,
DDR1,,,,,,,,yes
DDR2,,,,,yes,,,
DDX19A,,,,,yes,,,
DDX39A,,,,,yes,,,
DDX39B,,,,,yes,,,
DDX46,,,,,yes,,,
DDX58,,,,,yes,,,
DDX6,,,,,yes,,,
DDX60,,,,yes,,,,
DDX60L,,,,yes,,,,
DECR1,yes,,,,yes,,,
DEDD,,,,,yes,,,
DEFA1,,,,,yes,,,
DEFA3,,,,,yes,,,
DEK,,,,,yes,,,
DENND1B,,yes,,,,,,
DES,,,,,yes,,,yes
DGKQ,,,,,,yes,,
DHFR,,,,,yes,,,
DHODH,,,,,yes,,,
DHX16,,,,,yes,,,
DHX32,,,,,yes,,,
DHX40,,,,,yes,,,
DHX9,,,,,,yes,,
DIAPH2,,,,yes,,,,
DICER1,,,,,yes,,,
DKK1,,,,,yes,,,
DKK2,,,,,yes,,,
DLEU7,,,,,yes,,,
DLGAP1-AS1,,,,yes,,,,
DLGAP1-AS2,,,,yes,,,,
DLK1,,,,yes,,,,
DLL1,,,,,yes,,yes,
DLST,,yes,,,,,,
DLX2,,,,yes,,,,
DNAH17,,,,yes,,,,
DNAH5,,,,yes,,,,
DNAJA2,,,,,yes,,,
DNAJB4,,,,,yes,,,
DNAJB6,,,,,yes,,,
DNAJC14,,,,,yes,,,
DNAJC2,,,,,yes,,,
DNAJC6,,yes,,,,,,
DNASE1,,,,,,,,yes
DNASE1L3,,,,,yes,,,
DNASE2,,,,,yes,,,
DNER,,,,,yes,,,
DNMT1,,,,,yes,,,
DNMT3A,,,,,,,yes,
DNMT3AP1,,,,,,,yes,
DNMT3B,,,,,,,yes,
DPP4,,,,,yes,,,
DR1,,,,,yes,,,
DSTN,,,,,,yes,,
DTNA,,yes,,,,,,
DUOX2,,,,yes,,,,
DUSP1,,yes,,yes,yes,,,
DUSP10,,yes,,,,,,
DUSP6,,,,,yes,,,
DUSP8,,,,yes,,,,
DXO,,yes,,,,,,
E2F1,,,,,yes,yes,,
E2F2,,,,,yes,,,
EBAG9,,,,,yes,,,
EBF3,,,,,yes,,,
EBI3,,,,,yes,yes,,
EBNA1BP2,,,,,yes,,,
EBP,,,,,yes,,,
EDA,,,,,yes,yes,,
EDA2R,,,,,,yes,,
EDN1,yes,,,yes,yes,,,
EDNRA,,,,,yes,,,
EDNRB,,,,,yes,,,
EEF1A2,,,,yes,,,,
EFEMP2,,,,,yes,,,
EFNA5,,,,yes,,,,
EFNB1,,,,,yes,,,
EFNB2,,,,,yes,,,
EGF,,,,,yes,,,yes
EGFL8,,,,,yes,,,
EGFR,,,,,yes,yes,,
EGLN1,,,,,yes,,,
EGR1,,,,yes,yes,,,
EGR2,,,,yes,yes,,,
EGR3,,,,yes,,,,
EHMT2,,,,,yes,,,
EIF1,,,,,,,,yes
EIF4EBP1,,,,,yes,,,
EIF4EBP2,,,,,yes,,,
ELANE,,,,,yes,,,yes
ELAVL1,,,,,yes,,,
ELAVL2,,,,,,yes,,
ELF3,,,,yes,yes,,,
ELK1,,yes,,,,,,
ELMO1,,,,,yes,,,
ELMSAN1,,,,yes,,,,
EMB,,,,,,,,yes
EMCN,,,,,yes,,,
EMD,,,,,yes,,,
EMP3,,,,yes,,,,
EMX1,,,,yes,,,,
ENG,,,,,yes,,,
ENGASE,,,,,yes,,,
ENO1,,,,,yes,,,
ENO2,,,,yes,,,,
ENOX1,,,,,yes,,,
ENPP1,,,,,yes,,,
ENPP2,,,,,yes,,,
EPAS1,,,,,yes,,,
EPHA1,,,,,yes,,,
EPHA3,,,,,yes,,,
EPHB1,,,,,yes,,,
EPHB2,,,,,yes,yes,,
EPHB3,,,,yes,,,,
EPHX2,,,,,,,,yes
EPHX3,,,,yes,,,,
EPPK1,,,,yes,,,,
ERBB2,,,,,yes,,,yes
EREG,,,,yes,yes,,,
ERG,,,,,yes,,,
ERN1,,yes,,,,,,
ERV3-1,,,,,yes,yes,,
ERVK-10,,,,,yes,,,
ERVK-18,,,,,yes,,,
ERVK-19,,,,,yes,,,
ERVK-21,,,,,yes,,,
ERVK-24,,,,,yes,,,
ERVK-25,,,,,yes,,,
ERVK-7,,,,,yes,,,
ERVK-8,,,,,yes,,,
ERVK-9,,,,,yes,,,
ERVW-1,,,,,yes,,,
ERVW-4,,,,,yes,,,
ESR1,,,,,yes,yes,,yes
ESR2,,,,,yes,,,
ETFA,,,,,yes,,,
ETS1,,,,,yes,,,
ETS2,,,,yes,yes,,,
EXOC4,,,,,yes,,,
EXOG,,yes,,,,,,
EXOSC3,,,,,,,,yes
EXPH5,,,,yes,,,,
EXT1,,,,,yes,,,
EXTL2,,yes,,,,,,
EZH2,,,,,yes,,,
F13A1,,,,,yes,,,
F13B,,,,,yes,,,
F2,,,,,yes,,,
F2R,,,,,yes,,,
F2RL1,yes,,,yes,yes,,,
F3,yes,,,,yes,,,
F5,yes,,,,,,,
F9,,,,,yes,yes,,
FABP3,,,,yes,yes,,,
FADD,,,,,yes,,,
FADS2,,,,,yes,,,
FAHD1,,yes,,,,,,
FAM107A,,,,,yes,,,
FAM118B,,yes,,,,,,
FAM131C,,,,yes,,,,
FAM151A,,yes,,,,,,
FAM162B,,yes,,,,,,
FAM167A,,,,,yes,,,
FAM168A,,yes,,,,,,
FAM173B,,yes,,,,,,
FAM188B,,,,yes,,,,
FAM215A,,,,,yes,,,
FAM46C,,,,yes,,,,
FAM47E-STBD1,,,,yes,,,,
FAM47E-STBD1,,,,yes,,,,
FAM86B3P,,,,yes,,,,
FAS,,,yes,,yes,yes,yes,yes
FASLG,,,yes,,yes,yes,yes,
FAT1,,,,,yes,,,
FAT3,,,,yes,,,,
FBN1,,,,,,,,yes
FBXO33,,yes,,,,,,
FCAR,,,,,yes,,,yes
FCER2,,,,,yes,,,
FCGR1A,,,,,yes,,yes,
FCGR2A,yes,,,,yes,yes,yes,
FCGR2B,,,,,yes,,yes,
FCGR2C,,,,,yes,,yes,
FCGR3A,,,yes,,yes,,yes,yes
FCGR3B,,,yes,,yes,,yes,yes
FCGRT,,,,,yes,,yes,
FCN1,,,,,yes,,,
FCRL3,,,,,yes,,,
FCRL4,,,,,yes,,,
FCRLA,,,,,yes,,,
FGA,yes,,,,,,,
FGB,,,,,yes,,,
FGD3,,yes,,,,,,
FGD4,,,,yes,,,,
FGF1,,,,,yes,,,
FGF13,,,,,yes,,,
FGF17,,,,yes,,,,
FGF2,,,,,yes,,yes,
FGF21,,,,yes,,,,
FGF4,,,,,yes,,,
FGF7,,,,,yes,,,
FGFR1,,,,,yes,,,
FHL1,,,,,yes,,,yes
FHL2,,,,yes,yes,,,
FILIP1,,,,yes,,,,
FILIP1L,,yes,,,,,,
FKBP5,,,,,yes,,,
FLG,,,,,yes,,,
FLI1,,,,,,,,yes
FLII,,,,,,,,yes
FLNB,,,,,yes,yes,,
FLNC,,,,yes,,,,
FLT1,,,,,yes,,,
FLT3LG,,,,,yes,,,
FLT4,,,,,yes,,,
FMNL1,,,,yes,,,,
FN1,,,,,yes,,,yes
FN3KRP,,yes,,,,,,
FOLR2,,,,,yes,,,
FOS,,,,yes,yes,,,yes
FOSB,,,,yes,yes,,,yes
FOSL1,,,,yes,,,,
FOSL2,,,,yes,,,,
FOXC1,,,,,yes,,,
FOXG1,,,,yes,,,,
FOXJ1,,,,,yes,,,
FOXO1,,,,,yes,,,
FOXO3,,,,,yes,,,
FOXO4,,,,,yes,,,
FOXP3,,,yes,,yes,yes,yes,
FPGS,,,,,yes,,,
FPR2,,,,,yes,,,
FRMD4A,yes,,,,,,,
FRZB,,,,,yes,,,
FSCN1,,,,,yes,,,
FSTL1,,,,yes,yes,,,
FSTL3,,,,yes,,,,
FTL,,,,,yes,,,
FUT1,,,,yes,,,,
FUT11,,yes,,,,,,
FUT4,,,,,yes,,,
G0S2,,,,,yes,,,
G3BP1,,,,,yes,,,
GABBR1,,,,,yes,,,
GABPA,,,,,yes,,,
GAD1,,,,yes,,,,
GADD45A,,yes,,yes,yes,,,
GADD45B,,,,yes,yes,,,
GALC,,,,,,,yes,
GALNS,,,,,,,,yes
GALNT16,,,,yes,,,,
GAPDH,,,,,yes,,,
GART,,,,,yes,,,
GAS6,,,,,yes,,,yes
GAST,,,,,,,,yes
GATA2,,,,yes,,,yes,
GATA3,,,,yes,yes,,yes,
GATA4,,,,,,,yes,
GBP1,,,,yes,,,,
GBP2,,,,yes,,,,
GC,,,,,yes,,,
GCG,,,,,yes,,,
GCK,,,,,yes,,,
GCLC,,,,,yes,,,
GCNT3,,yes,,,,,,
GCY,,,,,yes,,,
GDE1,,,,,yes,,,
GDF15,,yes,,,yes,,,
GDF5,,,,,yes,,,
GDNF,,,,yes,yes,,,
GDPD5,,,,,yes,,,
GEM,,,,yes,,,,
GFAP,,,,,yes,,,
GGH,,,,,yes,,,
GH1,,,,,yes,,,
GHRL,,,,,yes,,,
GIN1,,,,,yes,,,
GINS4,,yes,,,,,,
GJA5,,,,,,,,yes
GLB1,,,,,yes,,,
GLI1,,,,yes,yes,,,
GLP1R,,,,yes,,,,
GLS,,,,,yes,,,
GMDS-AS1,,,,yes,,,,
GNA12,,,,,yes,,,
GNG4,,yes,,,,,,
GNL1,,,,,yes,,,
GOLGA1,,,,,,yes,,
GOLGA4,,,,,,yes,,
GOLGA8I,,,,yes,,,,
GORAB,,yes,,,,,,
GORASP1,,,,,yes,,,
GP1BA,,,,,,,yes,
GP6,,,,,,,yes,
GP9,,,,,,,yes,
GPANK1,,,,,yes,,,
GPC1,,,,,yes,,,
GPC4,,,,yes,,,,
GPI,yes,,,,yes,,,
GPR15,,,,,yes,,,
GPR157,,yes,,,,,,
GPR176,,,,yes,,,,
GPR37L1,,,,yes,,,,
GPR42,,,,,yes,,,
GPRC5A,,,,yes,yes,,,
GPSM3,,,,,yes,,,
GPT,,,,,yes,,,
GPX2,,,,yes,yes,,,
GRAP,,,,,,yes,,
GRAP2,,,,,yes,,,
GREM1,,,,,yes,,,
GRHL3,,,,,yes,,,
GRIK4,,,,,yes,,,
GRIN2D,,,,yes,,,,
GRK1,,,,,yes,,,
GRK2,,,,,yes,,,
GRK5,,,,,yes,,,
GRK6,,,,,yes,,,
GRM3,,,,yes,,,,
GRN,,,,,yes,,,
GRP,,,,,yes,,,
GSDMB,,,,,yes,,,
GSDME,,,,,yes,,,
GSN,,,,,yes,yes,,
GSTK1,,,,,yes,,,
GSTM1,,,,,yes,yes,,
GSTM2,,,,,yes,yes,,
GSTP1,,,,,yes,,,
GSTT1,,,,,yes,yes,,
GTF2H1,,yes,,,,,,
GTF2I,,,,,,yes,,
GTPBP2,,,,yes,,,,
GUCY1B3,,,,yes,,,,
GUSB,,,,,yes,,,
GZMA,,,,,yes,yes,,
GZMB,,,,,yes,,yes,
H19,,,,,yes,,,
H3F3AP5,,,,,yes,,,
HAGH,,,,,yes,,,
HAL,,yes,,yes,,,,
HAMP,,,,,yes,,,
HAPLN1,,,,,yes,,,
HARS,,,,,yes,,,
HARS2,,,,,yes,,,
HAS1,,,,,yes,,,
HAS3,,,,,yes,,,
HAVCR1,,,,,yes,,yes,
HAVCR2,,,,,yes,,yes,
HBEGF,,,,yes,,,,yes
HCFC2,,,,yes,,,,
HCG17,,,,,yes,,,
HCG18,,,,,yes,,,
HCG20,,,,,yes,,,
HCG21,,,,,yes,,,
HCG22,,,,,yes,,,
HCG23,,,,,yes,,,
HCG27,,,,,yes,,,
HCLS1,,,,,yes,,,
HDAC1,,,,,yes,,,
HDAC3,,,,,yes,,,
HDAC5,,,,,yes,,,
HDAC9,,,,yes,yes,,,
HELZ2,,,,yes,,,,
HEPACAM2,,,,yes,,,,
HERC6,,,,yes,,,,
HERPUD1,,yes,,,,,,
HES1,,,,,,,yes,
HES4,,,,yes,,,,
HEXA,,,,,yes,,,
HEXB,,,,,yes,,,
HFE,,,,,yes,,,
HGF,,,,,yes,,,yes
HHAT,,,,,,,,yes
HID1,,yes,,,,,,
HIF1A,,,,,yes,,,
HIST1H1C,,,,yes,,,,
HIST1H1E,,,,yes,,,,
HIST1H2AC,,,,yes,,,,
HIST1H2BC,,,,yes,,,,
HIST1H2BF,,,,yes,,,,
HIST1H2BJ,,,,yes,,,,
HIST1H2BK,,,,yes,,,,
HIST1H2BO,,,,yes,,,,
HIST1H4I,,,,yes,,,,
HIVEP2,,yes,,yes,,,,
HIVEP3,,,,yes,,,,
HLA-A,,,,,yes,yes,yes,yes
HLA-B,,,,,yes,,,
HLA-C,,,,,yes,,,yes
HLA-DMA,,,,,yes,,,
HLA-DMB,,,,,yes,,,
HLA-DOA,,,,,yes,,yes,
HLA-DOB,,,,,yes,,,
HLA-DPA1,,,,,yes,,,
HLA-DPB1,,,,,yes,,,
HLA-DPB2,,,,,yes,,,
HLA-DQA1,,,,,yes,,,
HLA-DQA2,,,,,yes,,,
HLA-DQB1,,,,,yes,,,
HLA-DQB2,,,,,yes,,,
HLA-DRA,,,,,yes,yes,,
HLA-DRB1,yes,,,,yes,yes,yes,yes
HLA-DRB3,,,,,yes,,yes,
HLA-DRB4,,,,,yes,,,
HLA-DRB5,,,,,yes,,,
HLA-DRB6,,,,,yes,,,
HLA-E,,,,,yes,,,
HLA-G,,,,,yes,,,
HLA-H,,,,yes,,,,
HLA-P,,,,,yes,,,
HMCN1,,,,yes,,yes,,
HMGB1,,,,,yes,yes,,
HMGCR,,,,,yes,,,
HMGCS2,,yes,,,,,,
HMOX1,,,yes,,yes,yes,,
HNRNPA2B1,,,,,yes,,,
HNRNPC,,,,,yes,,,
HNRNPDL,,,,,yes,,,
HOOK2,,,,yes,,,,
HOTAIR,,,,,yes,,,
HOTAIRM1,,,,yes,,,,
HOXA1,,,,yes,,,,
HOXA5,,,,,yes,,,
HOXB2,,,,,yes,,,
HOXB4,,,,,,,yes,
HOXC12,,,,yes,,,,
HOXC6,,yes,,,yes,,,
HOXD-AS1,,,,yes,,,,
HOXD1,,,,,yes,,,
HOXD10,,,,,yes,,,
HOXD11,,,,,yes,,,
HOXD13,,,,,yes,,,
HOXD4,,,,,yes,,,
HOXD8,,,,,yes,,,
HOXD9,,,,,yes,,,
HP,,,,,yes,,,
HPGDS,,,,,yes,,,
HPLH1,,,,,yes,,,yes
HPRT1,,,,,yes,,,
HPSE,,,,,yes,,yes,
HR,,,,yes,,,,
HRES1,yes,,,,,yes,,
HRG,,,,yes,,,,
HRH4,,,,,yes,,,
HRK,,,,yes,,,,
HSCB,,yes,,,,,,
HSD11B1,,,,,yes,,,
HSD11B2,,,,,yes,,,
HSD17B1,,,,,yes,,,
HSD17B14,,,,yes,,,,
HSD17B8,,,,,yes,,,
HSF2,,yes,,,,,,
HSP90B1,,,,,yes,,,yes
HSPA14,,,,,yes,,,
HSPA1L,,,,,yes,,,
HSPA4,,,,,yes,,,
HSPA5,,,,,,,,yes
HSPA8,,,,,yes,,,
HSPB3,,,,,yes,,yes,
HSPB8,,,,yes,yes,,,
HSPD1,,,,,yes,,,
HSPE1-MOB4,,yes,,,,,,
HT,,,,,yes,yes,,
HTD2,,,,,yes,,,
HTR2A,,,,,yes,,,
HTRA1,,,,,yes,,,
HYAL2,,,,,yes,,,
IAH1,,yes,,,,,,
IBSP,,,,,yes,,,
ICA1,,,,,yes,yes,,
ICA1L,,yes,,,,,,
ICAM1,,yes,,yes,yes,yes,,yes
ICAM3,,yes,,,yes,,,
ICAM5,,,,yes,,,,
ICOS,,,,,yes,,yes,
ICOSLG,,,,yes,yes,,,
ID3,,,,,,yes,,
IDDM7,,,,,yes,,,
IDDM8,,,,,yes,,,
IDO1,,,,,yes,,yes,
IFI27,,,,,yes,yes,,
IFI35,,,,,yes,,,
IFI44,,,,,yes,,,
IFIH1,,,,yes,yes,,,
IFIT1,,,,yes,,,,
IFIT2,,,,yes,,,,
IFIT3,,,,yes,,,,
IFITM3,,,,yes,,,,
IFNA1,,,,,yes,yes,,
IFNA13,,,,,yes,yes,,
IFNB1,,,,,yes,yes,,
IFNG,,,,,yes,yes,yes,yes
IFNG-AS1,,,,,,yes,,
IFNGR1,,,,,yes,,,
IFNGR2,,,,,yes,,,
IFNL1,,,,,yes,,,
IFNLR1,,,,,yes,,,
IGAN1,,,,,yes,,,yes
IGF1,yes,,,,yes,,,yes
IGF1R,,,,,yes,,,
IGF2,,,,,yes,,,
IGFBP1,yes,,,yes,,,,
IGFBP3,,,,,yes,,,
IGFBP4,,,,,yes,,,
IGFBP5,,,,,yes,,,
IGH,,,yes,,,yes,yes,
IGHA1,,,,,yes,,,yes
IGHG3,,,,,yes,,,
IGHJ4,,,,,,,yes,
IGHJ6,,,,,,,yes,
IGHV1-69,,,,,yes,,,
IGHV3-69-1,,,yes,,yes,,yes,
IGHV3OR16-7,,,yes,,yes,,yes,
IGK,,,,,,,,yes
IGKC,,,,,yes,,,
IGKV1D-8,,,,,yes,,,
IGKV2-29,,,,,yes,,,
IGKV3-20,,,,,yes,,,
IGKV3D-15,,,,,yes,,,
IHH,,,,,yes,,,
IKBKB,,,,,yes,,,
IKBKE,,,,yes,yes,yes,,
IKBKG,,,,,,,yes,
IKZF1,,,,,,,,yes
IKZF3,,,,,yes,,,yes
IL10,,,yes,,yes,yes,yes,yes
IL10RA,,,,,yes,,,
IL10RB,,,,,yes,,,
IL11,,,,yes,yes,,,
IL12A,,,,,yes,yes,,
IL12A-AS1,,,,,,yes,,
IL12B,,,,,yes,,,
IL13,,,,,yes,yes,,
IL15,,,,,yes,,,
IL16,,,,,yes,,,
IL17A,,,,,yes,yes,yes,yes
IL17B,,,,,yes,,,
IL17C,,,,,yes,yes,yes,
IL17D,,,,,yes,yes,yes,
IL17F,,,,,yes,,yes,
IL17RA,,,,,yes,,,
IL18,,,,yes,yes,yes,yes,yes
IL18BP,,,,,yes,,yes,
IL18R1,,,,,yes,yes,,
IL18RAP,,,,,yes,,,
IL19,,,,,yes,,,
IL1A,,,,,yes,yes,yes,yes
IL1B,,,,,yes,yes,yes,yes
IL1R1,,,,,yes,,yes,
IL1RN,,,,,yes,,yes,yes
IL2,,,,,yes,yes,yes,yes
IL20,,,,,yes,,,
IL21,,,,,yes,yes,yes,
IL21R,,,,,yes,,,
IL22,,,,,yes,yes,yes,
IL23A,,,,,yes,yes,yes,
IL23R,,,,,yes,,yes,
IL24,,,,,yes,,,
IL26,,,,,yes,,,
IL27,,,,,yes,yes,yes,
IL27RA,,,,,yes,,,
IL2RA,,,yes,,yes,yes,yes,yes
IL2RB,,,,,yes,,yes,
IL2RG,,,,,yes,,,
IL3,,,,,yes,,,
IL31RA,,,,yes,,,,
IL32,,,,yes,yes,,,
IL33,,,,,yes,yes,yes,
IL34,,,,,yes,,,
IL36B,,,,,yes,,,
IL37,,,,,yes,,,
IL4,,,,,yes,yes,yes,yes
IL4R,,,,,yes,,,
IL5,,,,,yes,yes,yes,
IL5RA,,,,,yes,,,
IL6,,,yes,,yes,yes,yes,yes
IL6R,,,,,yes,,,
IL6ST,,,,,yes,,,
IL7,,,,,yes,yes,,
IL7R,,,,,yes,,,
IL8,,,,yes,,,,
IL9,,,,,yes,,yes,
IL9R,,,,,yes,,,
ILF3,,,,,yes,,,
INHBA,,,,,yes,,,
INHBE,,,,yes,,,,
INPP5D,,,,,yes,,,
INS,,,,,yes,,,
INTS6P1,,,,yes,,,,
IP6K3,,,,yes,yes,,,
IQCB1,,yes,,,,,,
IRAK1,,,,,yes,,,
IRAK1BP1,,,,,,yes,,
IRAK2,,,,yes,,,,
IRF1,,,,yes,yes,yes,,
IRF2,,,,,,yes,,
IRF3,,,,,yes,,,
IRF4,,,,,yes,,,
IRF5,,,,yes,yes,yes,,yes
IRF8,,,,,yes,,,
IRX1,,,,,yes,,,
ISG15,,yes,,yes,yes,,,
ISG20,,,,,yes,,yes,
ISL1,,,,,yes,,,
ISYNA1,,,,,yes,,,
ITCH,,,,,yes,,,
ITGA1,,,,,yes,,,
ITGA2,,,,,yes,,,yes
ITGA2B,,,,,,,yes,
ITGA3,,,,,,,,yes
ITGA4,,,,,yes,,,
ITGA6,,,,,yes,,,
ITGA9,,,,,yes,,,
ITGAE,,yes,,,,,,
ITGAL,,,,,yes,,,
ITGAV,,,,,yes,,,
ITGAX,,,,,yes,,,
ITGB1,,,,,yes,,yes,yes
ITGB2,,,,,yes,,,
ITGB3,,,,,,,yes,yes
ITGB6,,,,yes,,,,
ITPR1,,,,,,yes,,
ITPR2,,,,,yes,,,
ITPR3,,,,yes,yes,yes,,
ITSN2,,,,,,yes,,
IVD,,yes,,,,,,
IVNS1ABP,,,,,yes,,,
JAG1,,,,,yes,,,
JAK1,,,,,yes,,,
JAM3,,,,,yes,,,
JAZF1,,,,,yes,,,
JMY,,yes,,,,,,
JUN,,yes,,,yes,,,yes
JUNB,,yes,,yes,yes,,,yes
JUND,,,,,yes,,,yes
KANK4,,,,,yes,,,
KAT5,,,,,yes,,,
KCNA3,,,,,yes,,,
KCNMA1,,,,,yes,,,
KCTD11,,,,yes,,,,
KDM1A,,,,,yes,,,
KDM6A,,,,,,,yes,
KDM6B,,,,yes,,,,
KDR,,,,,yes,,,
KIAA1109,,,,,yes,,,
KIF5A,,,,,yes,,,
KIR2DL1,,,,,yes,,,
KIR2DL2,,,,,yes,,,
KIR2DL3,,,,,yes,,,
KIR2DL5A,,,,,yes,,,
KIR2DL5B,,,,,yes,,,
KIR2DS1,,,,,yes,,,
KIR2DS2,,,,,yes,,,
KIR2DS5,,,,,yes,,,
KIR3DL2,,,,,yes,,,
KIT,,,,,,,,yes
KITLG,,,,,yes,,,yes
KL,,,,,yes,,,
KLF10,,,,yes,,,,
KLF11,,yes,,,,,,
KLF12,,,,,yes,,,
KLF15,,,,,yes,,,
KLF2,,,,,yes,,,
KLF4,,,,yes,,,,
KLF6,,yes,,yes,,,,
KLF7,,,,yes,,,,
KLHL14,,,,yes,,,,
KLK1,,,,,yes,,,
KLK3,yes,,,,yes,,,
KLRB1,,,,,yes,,,
KLRC1,,,,,yes,,,
KLRC2,,,,yes,yes,,,
KLRC3,,,,yes,,,,
KLRC4-KLRK1,,,,yes,yes,,,
KLRD1,,,,,yes,,,
KLRG1,,,,,,yes,,
KLRK1,,,,yes,yes,,,
KMT2D,,,,,,,yes,
KNG1,,,,yes,yes,,,
KPNA1,,,,,yes,,,
KPNA2,,,,,yes,,,
KRT16,,,,,yes,,,
KRT19P1,,,,yes,,,,
KRT20,,,yes,,yes,,yes,
KRT6B,,,,,,yes,,
KRT7,,,,,yes,,,
KRTAP5-9,,,,,yes,,,
KRTAP5-AS1,,,,yes,,,,
KSR2,,,,yes,,,,
LA16c-380H5.5,,,,yes,,,,
LACC1,,,,yes,,,,
LACE1,,yes,,,,,,
LAD1,,,,yes,,,,
LAIR1,,,,,yes,,,
LAIR2,,,,,yes,,,
LAMA3,,yes,,yes,,,,
LAMC2,,,,yes,yes,,,
LAMP3,,,,,yes,,,
LANCL1,,,,,yes,,,
LAPTM5,,,,,,yes,,
LARP6,,,,yes,,,,
LBH,,,,,yes,,,
LCA5,,,,yes,,,,
LCAT,,,,,yes,,,
LCE3B,,,,,yes,,,
LCE3C,,,,,yes,,,
LCN1,,,,,,yes,,
LCN2,,,,,yes,,,
LCP2,,,,,yes,,,
LDAH,,yes,,,,,,
LDLR,,,,,yes,,,
LECT2,,,,,yes,,,
LEFTY1,,,,yes,,,,
LEFTY2,,,,yes,,,,
LEP,,,,,yes,,yes,
LETM2,,,,yes,,,,
LFNG,,,,yes,,,,
LGALS1,,,,,yes,,,
LGALS2,,,,,yes,,,
LGALS3,,,,,yes,,,
LGALS3BP,,,,,yes,,,
LGALS8,,,,,yes,,,
LGALS9,,,,,yes,,,
LHX2,,,,,yes,,,
LIF,,,,yes,yes,,,
LIG4,,,,,yes,,,
LILRA2,,,,,yes,,,
LILRA3,,,,,yes,yes,,
LILRB1,,,,,yes,,,
LILRB2,,,,,yes,,,
LIMA1,,,,yes,,,,
LIMS2,,,,yes,,,,
LIN28A,,,,yes,,,,
LINC-ROR,,,,,yes,,,
LINC00243,,,,,yes,,,
LINC00511,,,,yes,,,,
LINC00824,,,,,yes,,,
LINC00870,,,,yes,,,,
LINC01104,,,,,yes,,,
LINC01185,,,,,yes,,,
LINC01193,,,,,yes,,,
LINC02210-CRHR1,,,,,yes,,,
LINC02571,,,,,yes,,,
LMCD1,,,,yes,,,,
LMX1B,,,,,,,,yes
LNPEP,,,,,yes,,,
LOC100506248,,,,,yes,,,
LOC102723407,,,yes,,yes,yes,yes,
LOC102723996,,,,,yes,,,
LOC102724971,,,,,yes,,,
LOC105369230,,,,,yes,,,
LOC105379528,,,,,yes,,,
LOC390714,,,,,yes,,,
LONRF3,,,,yes,,,,
LOX,,,,,,,,yes
LPA,,,,,yes,,,
LPAR1,,,,yes,yes,,,
LPAR2,,,,,yes,,,
LPAR3,,,,,yes,,,
LPPR5,,,,yes,,,,
LPXN,,,,yes,,,,
LRAT,,,,,yes,,,
LRBA,,,yes,,,,,
LRG1,,,,,yes,,,
LRIT1,,,,,yes,,,
LRP1,,,,,yes,,,
LRP2,,,,,yes,,,
LRP6,,,,,yes,,,
LRP8,yes,,,,,,,
LRPAP1,,,,,yes,,,
LRPPRC,,,,,yes,,,
LRRC18,,,,,yes,,,
LRRC45,,yes,,,,,,
LRRC49,,,,yes,,,,
LSP1,,,,,yes,,,
LST1,,,,,yes,,,
LTA,,,,,yes,yes,yes,
LTB,,,,,yes,,,
LTB4R,,,,,yes,,,
LTB4R2,,,,,yes,,,
LTBP1,,yes,,,,,,yes
LTBR,,,,,yes,yes,,
LTC4S,,,,,yes,,,yes
LTK,,,,yes,,,,
LVRN,,,,,yes,,,
LY6G5C,,,,,yes,,,
LY6G6C,,,,,yes,,,
LY6G6F,,,,,yes,,,
LY6G6F-LY6G6D,,,,,yes,,,
LY96,,,,,yes,,,
LYZ,,,,,yes,,,
MAATS1,,,,yes,,,,
MAB21L2,,,,yes,yes,,,
MAFK,,,,yes,,,,
MAGEE1,,,,,yes,,,
MAGI3,,,,,yes,,,
MAK16,,,,,,yes,,
MAL,,,,,yes,,,
MALRD1,,yes,,,,,,
MALT1,,,,,yes,yes,,
MAP2,,,,yes,,,,
MAP2K1,,,,,yes,,,
MAP2K3,,yes,,,,,,
MAP2K4,,,,,yes,,,
MAP2K6,,,,yes,,,,
MAP2K7,,,,,yes,yes,,
MAP3K11,,,,,yes,,,
MAP3K14,,,,yes,,yes,,
MAP3K14-AS1,,,,yes,,,,
MAP3K2,,,,,yes,,,
MAP3K3,,,,,yes,,,
MAP3K5,,,,,yes,,,
MAP3K7,,,,,yes,,,
MAP4K3,,,,,yes,,,
MAP6,,,,,,,yes,
MAPK1,,,,,yes,yes,,yes
MAPK13,,,,,yes,,,
MAPK14,,,,,yes,,,
MAPK3,,,,,yes,,,
MAPK8,,,,,yes,,,
MAPK8IP2,,,,yes,,,,
MAPK9,,,,,yes,,,
MARCKS,,,,,yes,,,
MARCO,,,,,yes,,,
MARCOL,,,,,,yes,,
MARK2,,,,,yes,,,
MASP2,,,,,yes,,,
MBD4,,,,,yes,,yes,
MBL2,yes,,,,yes,yes,yes,
MBL3P,,,,,yes,,yes,
MBP,,,,,yes,,,
MCAM,,,,,yes,,,
MCCD1,,,,,yes,,,
MCL1,,,,,yes,,,
MCM8,,,,,yes,,,
MCOLN1,,yes,,,,,,
MCOLN3,,,,yes,,,,
MDC1,,,,,yes,,,
MDFI,,,,yes,,,,
MDGA2,,,,,yes,,,
MDK,,,,,yes,,,
MDM2,,,,,yes,,,
ME3,,,,yes,,,,
MECP2,,,,,yes,,,
MED27,,,,,yes,,,
MEF2B,,yes,,,,,,
MEFV,,,,,yes,,,yes
MET,,,,,yes,,,
METRNL,,,,yes,,,,
METTL7A,,,,yes,,,,
MFN2,,,,,,yes,,
MFSD11,,yes,,,,,,
MFSD4B,,,,,yes,,,
MGARP,,,,,yes,,,
MGAT5,,,,,yes,,,
MIA,,,,,yes,,,
MIA3,,,,,yes,,,
MICA,,,,,yes,,,
MICAL2,,,,yes,,,,
MICALCL,,,,yes,,,,
MICB,,,,,yes,,,
MIF,,,,,yes,,,yes
MIF-AS1,,,,,yes,,,
MIP,,,,,yes,,,yes
MIR100,,,,,,,,yes
MIR10A,,,,,yes,,,
MIR10B,,,,,,,,yes
MIR1246,,,,,yes,,,
MIR126,,,,,yes,,,
MIR130A,,,,,,,yes,
MIR132,,,,,yes,,,
MIR140,,,,,yes,,,
MIR143,,,,,yes,,,
MIR146A,,,,yes,yes,yes,yes,
MIR150,,,yes,,,,,
MIR155,,,,,yes,,,
MIR155HG,,,,,yes,,,
MIR16-1,,,,,yes,,,
MIR17HG,,,,,yes,,,
MIR181D,,,,,yes,,,
MIR18A,,,,,yes,,,
MIR19A,,,yes,,,,,
MIR19B1,,,,,yes,,,
MIR200C,,,,,,,yes,
MIR203A,,,,,yes,,,
MIR21,,,,,yes,,,
MIR210,,,,,yes,,,
MIR219A2,,,,,yes,,,
MIR22,,,,,yes,,,
MIR221,,,,,yes,,,
MIR223,,,,,yes,,,
MIR23B,,,,,yes,,,
MIR24-2,,,,yes,,,,
MIR27A,,,,,yes,,,
MIR301A,,,,,yes,,,
MIR30A,,,,,yes,,,
MIR323A,,,,,yes,,,
MIR338,,,,,yes,,,
MIR346,,,,,yes,,,
MIR34A,,,,,yes,,,
MIR34B,,,,,yes,,,
MIR409,,,,,,,yes,
MIR451A,,,,,yes,,,
MIR4764,,,,,yes,,,
MIR483,,,,,,yes,,
MIR499A,,,,,yes,,,
MIR522,,,,,yes,,,
MIR637,,,,yes,,,,
MIR650,,,,,yes,,,
MIR7-3HG,,,,,yes,,,
MITF,,,,,yes,,,
MMEL1,,,,,yes,,,
MMP1,,,,,yes,,,yes
MMP10,,,,,yes,,,
MMP11,,,,,,,,yes
MMP12,,,,,yes,,,
MMP13,,,,,yes,,,
MMP14,,,,,yes,,,
MMP15,,,,,yes,,,
MMP16,,,,,yes,,,
MMP17,,,,,yes,,,
MMP19,,,,yes,yes,,,
MMP2,,,,,yes,yes,,yes
MMP20,,,,,yes,,,
MMP25,,,,yes,yes,,,
MMP3,,,,,yes,yes,,yes
MMP8,,,,,yes,,,
MMP9,,,,,yes,yes,,yes
MMRN1,,,,,yes,,,
MOB4,,yes,,,,,,
MOBP,,,,,yes,,,
MOG,,,,,yes,,,
MOK,,,,,yes,,,
MON2,,,,,yes,,,
MOSPD1,,yes,,,,,,
MOSPD2,,yes,,,,,,
MPG,,,,,yes,,,
MPL,,,,,,,yes,
MPO,,,,,yes,,,yes
MPP1,,,,yes,yes,,,
MPPE1,,yes,,,,,,
MR1,,,,yes,,,,
MRAS,,,,yes,,,,
MRC1,,,,,yes,,yes,
MRE11,,,,,yes,,,
MRM2,,yes,,,,,,
MRPL17,,,,,yes,,,
MRPL28,,,,,,,yes,
MS,,,,,yes,yes,,
MS4A1,,,yes,,yes,,yes,yes
MSC,,,,,,,yes,
MSH2,,,,,yes,,,
MSH3,,,,,yes,,,
MSH5,,,,,yes,,,
MSH5-SAPCD1,,,,,yes,,,
MSH6,,,,,yes,,,
MSRA,,,,,yes,,,
MT-CO2,,yes,,,,,,
MT-ND1,,yes,,,,,,
MT-ND3,,yes,,,,,,
MT-ND4,,yes,,,,,,
MT-ND4L,,yes,,,,,,
MTCO2P12,,,,,yes,,,
MTHFD2,,yes,,,,,,
MTHFD2P7,,,,yes,,,,
MTHFR,yes,,,,yes,,,
MTMR11,,,,yes,,,,
MTNR1B,,,,,yes,,,
MTR,,,,,yes,,,
MTRR,,,,,yes,,,
MTX1,,yes,,,yes,,,
MUC1,,,,,yes,yes,,
MUC13,,,,yes,,,,
MUC19,,,,,,yes,,
MUC2,,,,,yes,,,
MUC20,,,,yes,,,,
MUC22,,,,,yes,,,
MUC4,,,,,yes,yes,,
MUC5AC,,,,,yes,yes,,
MUC5B,,,,,,yes,,
MUL1,,,,,yes,,,
MX1,,,,yes,,,,
MYC,,,,,yes,yes,,
MYCN,,,,yes,yes,,,
MYCNOS,,,,yes,,,,
MYD88,,,,,yes,,,yes
MYDGF,,,,,yes,yes,,
MYEOV,,,,yes,,,,
MYH9,,,,,,,,yes
MYO18B,,,,yes,,,,
MYO9B,,,,,yes,,,
MYOC,,,,,,,,yes
MYOF,,yes,,yes,,,,
N4BP1,,,,,yes,,,
N4BP3,,,,yes,,,,
NAA25,,,,,yes,,,
NABP1,,,,yes,,,,
NAF1,,,,,yes,,,
NAMPT,,,,,yes,,,
NAT2,,,,,yes,,,
NAT6,,yes,,,,,,
NBN,,,yes,,,,,
NCAM1,,,,,yes,,yes,
NCF1,,,,,yes,yes,,
NCF2,,,,yes,yes,,,
NCF4,,,,,yes,,,
NCKIPSD,,,,,yes,,,
NCOA5,,,,,yes,,,
NCR3,,,,,,yes,,
ND1,,,,,yes,,,
NDRG4,,yes,,,,,,
NDUFA4L2,,,,,yes,,,
NDUFS3,,,,,yes,,,
NEDD4,,yes,,,,,,
NEDD9,,,,yes,yes,,,
NELFCD,,,,,yes,,,
NELFE,,,,,yes,,,
NELL1,,,,,yes,,,
NEURL3,,,,yes,,,,
NFAT5,,,,,yes,,,
NFATC1,,,,,yes,,,
NFATC2,,,,,yes,,,
NFE2L2,,,,,yes,,,
NFKB1,,,,,yes,yes,yes,yes
NFKB2,,yes,,yes,,,yes,
NFKBIA,,,,,yes,yes,,
NFKBIE,,,,yes,yes,,,
NFKBIL1,,,,,yes,yes,,
NGF,,,,,yes,yes,,yes
NHS,,,,,yes,,,
NIP7,,yes,,,,,,
NIPAL3,,yes,,,,,,
NIT1,,yes,,,,,,
NKAP,,,,,yes,,,
NKAPL,,,,,yes,,,
NKG2-E,,,,yes,,,,
NLRC5,,,,yes,,,,
NLRP1,,,yes,,yes,,,
NLRP3,,,,,yes,yes,yes,
NLRP6,,,,,yes,,,
NM,,,,,yes,,,
NME1,,,,,yes,,,
NOD1,,,,,yes,,,
NOD2,,,,,yes,,,
NOLC1,,,,,yes,,,
NOS1,,,,,yes,,,
NOS2,,,,,yes,,,
NOS3,,,,,yes,,,
NOSTRIN,,yes,,yes,,,,
NOTCH1,,,,,yes,,yes,
NOTCH2,,,,,,,yes,
NOTCH3,,,,,yes,,,
NOTCH4,,,,,yes,,,
NOTUM,,,,yes,,,,
NOV,,,,,,,,yes
NOX4,,,,,yes,,,
NPAS2,,,,,yes,,,
NPC2,,,,,yes,,,
NPHS1,,,,,,,,yes
NPHS2,,,,,yes,,,
NPPB,,,,yes,yes,,,
NPSR1,,,,,yes,,,
NR1D1,,,,yes,,,,
NR1I2,yes,,,,yes,,,
NR1I3,,,,,yes,yes,,
NR1I4,,,,,yes,yes,,
NR2C2AP,,yes,,,,,,
NR2F1,,,,,yes,,,
NR3C1,,,,,yes,,yes,
NR4A1,,yes,,yes,yes,,,
NR4A2,,,,,yes,yes,,
NR4A3,,,,yes,yes,,,
NRAS,,,,,,,yes,
NRG1,,,,yes,,,,
NRIP1,,,,,yes,,,
NRM,,,,,yes,,,
NRP1,,,,,yes,yes,,
NRP2,,yes,,,,,,
NRSN1,,,,,,yes,,
NTN1,,,,,yes,,,
NTN4,,,,yes,,,,
NTRK1,,,,,,,,yes
NTS,,,,,,,,yes
NUAK1,,yes,,,,,,
NUAK2,,,,yes,,,,
NUDT22,,yes,,,,,,
NXF1,,,,,yes,yes,,
NXT1,,,,,,,yes,
NYNRIN,,,,yes,,,,
OA25,,,,,yes,,,
OAS1,,,,,,yes,,
OAS3,,,,yes,,,,
OASL,,,,yes,,,,
OAZ1,,,,,yes,,,
ODC1,,,,,yes,,,
ODF1,,,,,yes,,,
ODF3B,,,,yes,,,,
OGFOD2,,yes,,,,,,
OLFML2A,,,,yes,,,,
OLIG3,,,,,yes,,,
OLR1,,,,,yes,,,
OPTN,,,,yes,,,,
OR2A1-AS1,,,,yes,,,,
OR2AG1,,,,,yes,,,
OR2W6P,,,,yes,,,,
OR5V1,,,,,yes,,,
OR7E14P,,,,yes,,,,
ORAI1,,,,,yes,,,
ORMDL3,,,,,yes,,,
OS9,,,,,yes,,,
OSCAR,,,,,yes,,,
OSCP1,,,,,yes,,,
OSM,,,,,yes,,,
OSMR,,,,,yes,,,
OTUB1,,,,,,,,yes
OXTR,,,,yes,,,,
P2RX7,,,,,yes,yes,,yes
P4HB,,,,,yes,,,
PADI2,,,,,yes,,,
PADI3,,,,,yes,,,
PADI4,,,,,yes,,,
PADI6,,,,,yes,,,
PAEP,,,,,yes,,,
PAFAH1B1,,,,,yes,,,
PAGR1,,,,,,,,yes
PAK1,,,,,yes,,,
PAK3,,,,,yes,,,
PAM,,,,,yes,,,
PAPOLA,,,,,yes,,,
PAPPA,,,,yes,,,,
PARD6A,,,,,yes,,,
PARP1,,,,,yes,,,
PASK,,yes,,,,,,
PAX5,,,,,yes,,,
PAX6,,,,,,yes,,
PBX2,,,,,yes,,,
PCDHGA4,,yes,,,,,,
PCDHGB6,,yes,,,,,,
PCMTD1,,yes,,,,,,
PCNA,,,,,yes,,,
PCSK1,,,,,yes,,,
PCSK1N,,,,yes,,,,
PCSK6,,,,,yes,,,
PCSK9,,,,yes,,,,
PCYT1A,,,,,yes,,,
PDC,,,,,yes,,,
PDCD1,,,,,yes,yes,,
PDCD1LG2,,,,,yes,,,
PDCD5,,,,,yes,,,
PDE2A,,,,,yes,,,
PDE3A,,,,,yes,,,
PDE4A,,,,,yes,,,
PDE4D,,,,,yes,,,
PDE7A,,,,,yes,,,
PDGFA,,,,yes,,,,
PDGFB,,,,yes,,,,yes
PDGFC,,,,,,,,yes
PDGFD,,,,,yes,,,yes
PDGFRA,,,,,yes,,,
PDGFRB,,,,,,,,yes
PDIA3,,,,,yes,,,
PDK1,,yes,,,,,,
PDK3,,yes,,,,,,
PDLIM4,,,,,yes,,,
PDLIM7,,,,,yes,,,
PDPN,,,,,yes,,,
PDS5A,,,,,yes,,,
PEBP1,,,,,yes,,,
PECAM1,,,,,yes,,yes,
PER2,,,,,yes,,,
PERP,,,,,yes,,,
PF4,yes,,,,yes,,,
PFKFB3,,,,,yes,,,
PGAP1,,,,,yes,,,
PGBD1,,,,,yes,,,
PGF,,,,,yes,,,
PGR,,,,,yes,,,
PHACTR3,,,,,yes,,,
PHAX,,yes,,,,,,
PHF19,,,,,yes,,,
PHIP,,,,,,yes,,
PHLDA1,,yes,,yes,,,,
PHLDA2,,,,yes,,,,
PHRF1,,,,,yes,,,
PHTF1,,,,,yes,,,
PIGR,,,,,yes,,,
PIK3CA,,,,,yes,,,
PIK3CB,,,,,yes,,,
PIK3CD,,,,,yes,,,
PIK3CG,,,,,yes,,,
PIK3IP1,,,,yes,,,,
PIK3R2,,,,,yes,,,
PIK3R3,,,,,yes,,,
PIM3,,,,yes,,,,
PIN1,,,,,yes,,,
PITPNM3,,,,yes,,,,
PKD1,,,,,yes,,,
PKN1,,,,,yes,,,
PLA1A,,,,yes,,,,
PLA2G10,,,,,yes,,,
PLA2G1B,,,,,yes,,,yes
PLA2G2A,,,,,yes,,,
PLA2G4A,,,,,yes,,,
PLA2G4C,,,,yes,,,,
PLA2R1,,,,,,,,yes
PLAT,yes,,,,yes,,,
PLAU,,,,yes,yes,,,
PLB1,,,,yes,yes,,,yes
PLCL2,,,,,yes,,,
PLD4,,,,,yes,,,
PLD6,,,,yes,,,,
PLEK,,,,,yes,,,
PLG,yes,,,yes,yes,,,yes
PLK2,,yes,,,,,,
PLK3,,,,yes,,,,
PML,,,,,yes,,,
PNO1,,,,,,yes,,
PNP,,,yes,,,,yes,
PNPLA2,,,,,yes,,,
POLD1,,,,,yes,,,
POLDIP2,,,,,yes,,,
POLG2,,,,,yes,,,
POMC,,,,,yes,,,yes
PON1,yes,,,,yes,,,
POU2F1,,,,,yes,yes,,
POU3F1,,,,,yes,,,
PPARA,,,,,yes,,,
PPARD,,,,,yes,,,
PPARG,yes,,,,yes,,,yes
PPARGC1A,,yes,,yes,,,,
PPARGC1B,,,,,yes,,,
PPBP,,,,,yes,yes,,
PPDPF,,yes,,,,,,
PPIA,,,,,yes,,,
PPIL4,,,,,yes,,,
PPL,,,,yes,,,,
PPP1R10,,,,,yes,,,
PPP1R13L,,,,yes,,,,
PPP1R15A,,yes,,yes,yes,,,
PPP1R1A,,,,,yes,,,
PPP1R9A,,yes,,,,,,
PPP2R5B,,yes,,,,,,
PPP3CA,,,,,yes,yes,,
PPT2,,,,,yes,,,
PPT2-EGFL8,,,,,yes,,,
PQLC1,,yes,,,,,,
PRAM1,,,,,yes,,,
PRAP1,,,,,yes,,,
PRB2,,,,,,,yes,
PRCP,,,,,yes,,,
PRDM1,,yes,,,yes,yes,,
PRDX2,,,,,yes,,,
PRDX3,,,,,yes,,,
PRDX5,,,,,yes,,,
PRDX6,,,,,yes,,,
PRELP,,,,,yes,,,
PRF1,,,,,yes,,yes,yes
PRG4,,,,,yes,,,
PRH1,yes,,,,,,,
PRH2,yes,,,,,,,
PRKAR1B,,yes,,,,,,
PRKAR2B,,,,yes,,,,
PRKCD,,,,,,,yes,
PRKCH,,,,,yes,,,
PRKCQ,,,,,yes,,,
PRKCZ,,,,,yes,,,
PRKN,,,,,yes,,,
PRL,,,,,yes,yes,,
PRMT5,,,,,yes,,,
PROC,,,,,yes,,,
PRRC2A,,,,,yes,,,
PRRT1,,,,,yes,,,
PRRT2,,,,,yes,,,
PRSS2,,,,,yes,,,
PRSS23,,yes,,,,,,
PRSS55,,,,,yes,,,
PRTN3,,,,,yes,,,
PRUNE1,,yes,,,,,,
PSC,,,,,yes,,,
PSG5,,,,,yes,,,
PSMA4,,,,,yes,,,
PSMB5,,,,,yes,,,
PSMB8,,,,,yes,yes,,
PSMB8-AS1,,,,,yes,,,
PSMB9,,,,,yes,yes,,
PSMD12,,,,,yes,,,
PSMD7,,,,,yes,,,
PSMD9,,,,,yes,,,
PSORS1C1,,,,,yes,,,
PSS,,,,,yes,yes,,
PSTPIP1,,,,,yes,,,
PTAFR,,,,,,,,yes
PTBP1,,,,,yes,yes,,
PTEN,,,,,yes,,,
PTGER2,,,,,yes,,,
PTGER4,,,,,yes,,,
PTGES,,,,,yes,,,
PTGS1,,,,,yes,,,yes
PTGS2,,,,,yes,,,
PTH,,,,,yes,,,
PTHLH,,,,yes,yes,,,
PTK2,,,,,yes,,,
PTK2B,,,,,yes,,,
PTMA,,,,,yes,,,
PTMAP4,,,,,yes,,,
PTN,,,,,yes,,,
PTPN11,,,,,yes,,,
PTPN2,,,,,yes,,,
PTPN21,,yes,,,,,,
PTPN22,,,,,yes,,yes,
PTPN6,,,,,yes,,,
PTPRC,,,,,yes,,yes,
PTPRH,,,,yes,,,,
PTPRJ,,,,,yes,,,
PTPRK,,,,,yes,,,
PTPRT,,,,,yes,,,
PTPRVP,,,,,yes,,,
PTTG1,,,,,,yes,,
PTX3,,,,,yes,,,
PURB,,yes,,,,,,
PVT1,,,,yes,,,,
PWAR1,,,,,yes,,,
PXK,,,,,yes,,,
PYCARD,,,,,yes,,yes,
PYY,,,,yes,,,,
QPCT,,,,yes,yes,,,
RA10,,,,,yes,,,
RAB14,,,,,yes,,,
RAB27A,,,,,yes,,,
RAB3D,,,,,,yes,,
RAB3GAP1,,,,,yes,,,
RAB3IL1,,,,yes,,,,
RAB4A,yes,,,,,yes,,
RAB8A,,,,,yes,,,
RABEP1,,,,,yes,,,
RABEPK,,yes,,,yes,,,
RABGEF1,,,,,yes,,,
RAC1,,,,,yes,,,
RAC2,,,,,yes,,,
RAD51B,,,,,yes,,,
RAF1,,,,,yes,,,
RAG1,,,yes,,yes,,,
RAG2,,,yes,,yes,,,
RAMMET,,,,,yes,,,
RAMP2,,,,,yes,,,
RAP1A,,,,,yes,,,
RAP2A,,,,,yes,,,
RAPH1,,,,,yes,,,
RARA,,,,,yes,,,yes
RARB,,,,,yes,,,
RARG,,,,,yes,,,
RARRES2,,,,,yes,,,
RARRES3,,,,,yes,,,
RASA1,,,yes,,,,,
RASD1,,,,yes,,,,
RASGEF1B,,,,yes,,,,
RASGRF1,,,,,yes,,,
RASGRP1,,,,,yes,,,
RASSF5,,,,yes,,,,
RB1,,,,,yes,,,
RBBP4,,,,,,yes,,
RBCK1,,yes,,,,,,
RBL2,,,,,yes,,,
RBM14,,,,,,yes,,
RBM14-RBM4,,,,,,yes,,
RBM24,,,,yes,,,,
RBM45,yes,,,,yes,yes,yes,
RBMS3,,,,,,yes,,
RBP2,,,,,yes,,,
RBPJ,,,,,yes,,,
RBPJP4,,,,,yes,,,
RCAN1,,,,,yes,,,
RCAN2,,,,yes,,,,
RCHY1,,,,,yes,,,
RECK,,yes,,,yes,,,
REG1A,,,,,yes,yes,,
REL,,,,,yes,,,
RELA,,,,,yes,,,
RELB,,,,yes,,,,
RELN,,,,,,yes,,
REN,,,,,,,,yes
RET,,,,,yes,,,
RETN,,,,,yes,yes,,
REV3L,,,,,yes,,,
REXO1,,,,,yes,,,
RFC1,,,,,yes,,,
RGMB,,,,,yes,,,
RGS12,,,,,yes,,,
RGS2,,yes,,,,,,
RHBDF2,,,,yes,,,,
RHBG,,yes,,,,,,
RHD,,,,,,,yes,
RHO,,,,,yes,,,
RHOU,,yes,,,,,,
RIMKLB,,,,yes,,,,
RIMS2,,,,,yes,yes,,
RIPOR2,,,,,yes,,,
RMC1,,,,,yes,,,
RN7SL263P,,,yes,,,,,
RN7SL3,,,,yes,,,,
RNASE3,,,,,yes,,,
RND1,,,,yes,,,,
RNF125,,,,,,yes,,
RNF19A,,,,,yes,,,
RNF2,,,,,yes,,,
RNF5,,,,,yes,,,
RNPC3,,,,,,,,yes
RNU1-1,,,,,yes,,,
RNU1-125P,,,,yes,,,,
RNU1-4,,,,,yes,,,
ROBO3,,,,,yes,,,
ROCK1P1,,,,yes,,,,
ROPN1L,,,,,yes,,,
RORA,,yes,,,,,,
RORC,,,,,yes,yes,,
RP1-140K8.5,,,,yes,,,,
RP1-193H18.2,,,,yes,,,,
RP1-67K17.3,,,,yes,,,,
RP1-86C11.7,,,,yes,,,,
RP1-90L14.1,,,,yes,,,,
RP11-102N12.3,,,,yes,,,,
RP11-1100L3.8,,,,yes,,,,
RP11-160O5.1,,,,yes,,,,
RP11-168L7.1,,,,yes,,,,
RP11-213G2.3,,,,yes,,,,
RP11-215G15.5,,,,yes,,,,
RP11-242J7.1,,,,yes,,,,
RP11-265D17.2,,,,yes,,,,
RP11-277P12.20,,,,yes,,,,
RP11-284F21.10,,,,yes,,,,
RP11-284F21.7,,,,yes,,,,
RP11-290L1.3,,,,yes,,,,
RP11-309L24.2,,,,yes,,,,
RP11-356I2.4,,,,yes,,,,
RP11-383J24.1,,,,yes,,,,
RP11-442H21.2,,,,yes,,,,
RP11-452B18.2,,,,yes,,,,
RP11-460N20.3,,,,yes,,,,
RP11-465B22.3,,,,yes,,,,
RP11-465N4.4,,,,yes,,,,
RP11-473M20.7,,,,yes,,,,
RP11-510N19.5,,,,yes,,,,
RP11-525K10.1,,,,yes,,,,
RP11-525K10.3,,,,yes,,,,
RP11-542C16.1,,,,yes,,,,
RP11-54F2.1,,,,yes,,,,
RP11-552F3.9,,,,yes,,,,
RP11-566J3.4,,,,yes,,,,
RP11-568J23.5,,,,yes,,,,
RP11-573D15.8,,,,yes,,,,
RP11-626G11.1,,,,yes,,,,
RP11-713N11.4,,,,yes,,,,
RP11-731J8.2,,,,yes,,,,
RP11-867O8.5,,,,yes,,,,
RP11-875O11.2,,,,yes,,,,
RP11-875O11.3,,,,yes,,,,
RP11-993B23.3,,,,yes,,,,
RP3-395M20.8,,,,yes,,,,
RP3-462E2.3,,,,yes,,,,
RP3-512E2.2,,,,yes,,,,
RPAIN,,yes,,,,,,
RPAP2,,yes,,,,,,
RPL17,,,,,yes,,,
RPP14,,,,,yes,,,
RPS12P4,,,,,yes,,,
RPS18,,,,,yes,,,
RPS19,,,,,yes,,,
RPS4X,,,,,yes,,,
RPS6KA3,,,,,yes,,,
RPS6KA4,,,,,yes,,,
RPSA,,,,,yes,,,
RRAGC,,yes,,yes,,,,
RSBN1,,,,,yes,,,
RSPO2,,,,,yes,,,
RTKN2,,,,,yes,,,
RUNX1,,,,,yes,,,
RUNX1T1,,,,,yes,,,
RUNX2,,,,,yes,,,
RUNX3,,,,,,,yes,
S100A1,,,,,yes,,,
S100A10,,,,,,,,yes
S100A4,,,,,yes,,,
S100A6,,,,,yes,,,
S100A8,,,,,yes,,yes,
S100A9,,,,,yes,,,
S100B,,,,,yes,,,
S1PR1,,,,,yes,,,
S1PR2,,,,,yes,,,
S1PR3,,,,,yes,,,
SAA1,,,,,yes,,,
SAA2,,,,,yes,,,
SAA2-SAA4,,,,yes,,,,
SAA3P,,,,,yes,,,
SAA4,,,,yes,,,,
SAA@,,,,,yes,,,
SAAL1,,,,,yes,,,
SACM1L,,,,,yes,,,
SAMD4A,,,,yes,,,,
SAR1A,,,,,yes,,,
SARDH,,,,,yes,,,
SAT1,,,,,yes,,,
SBDS,,yes,,,,,,
SBK3,,,,yes,,,,
SCARNA7,,,,yes,,,,
SCD5,,,,,yes,,,
SCG2,,,,,yes,,,
SCLY,,,,,yes,,,
SDC1,,,,,yes,,,
SDC2,,,,,yes,,,
SDC3,,,,,yes,,,
SDS,,,,,yes,,,
SEC14L2,,,,,yes,yes,,
SELE,,,,yes,yes,,,yes
SELENOS,,,,,yes,,,
SELL,,,,,yes,,,yes
SELP,,,,,yes,,yes,yes
SELPLG,yes,,,,,,,
SEMA3B,,yes,,yes,,,,
SEMA3C,,,,yes,yes,,,
SEMA4A,,,,,yes,,,
SEMA4D,,,,,yes,,yes,
SEMA6A,,,,,yes,,yes,
SENP1,,,,,yes,,,
SERPINA1,,,,,yes,yes,,yes
SERPINA3,,,,yes,,,,
SERPINB2,yes,,,,,,,
SERPINC1,,,,,yes,,,
SERPINE1,yes,,,,yes,,,yes
SERPINE2,,yes,,yes,,,,
SERPINF1,,,,,yes,,,
SERPINF2,,,,,yes,,,
SERPINH1,,,,,yes,,,
SESN2,,yes,,yes,yes,,,
SETD2,,,,,yes,,,
SEZ6,,,,yes,,,,
SF3B1,,,,,yes,,,
SFRP1,,,,,yes,,,
SFRP5,,,,,yes,,,
SFTPD,,,,,yes,,,
SGCB,,yes,,,,,,
SGK223,,,,yes,,,,
SGSM3,,,,,yes,,,
SH2B2,yes,,,,,,,
SH2B3,yes,,,,yes,,,
SH2D1A,,,,,yes,,,yes
SH2D5,,,,yes,,,,
SH3BP2,,,,,yes,,,
SH3KBP1,,yes,,,,,,
SHBG,,,,,yes,,,
SHC2,,yes,,,,,,
SHCBP1,,,,,yes,,,
SHH,,,,,yes,,,
SIAH2,,,,,,,yes,
SIGIRR,,,,,yes,,,
SIGLEC1,,,,,yes,,,
SIGLEC9,,,,,yes,,,
SIRPA,,,yes,,,,,
SIRT1,,,,,yes,,,
SIRT6,,,,,yes,,,
SKIDA1,,,,yes,,,,
SKIV2L,,,,,yes,,,
SLAMF1,,,,,yes,,,yes
SLC11A1,,,,,yes,,,
SLC12A9,,,,,yes,,,
SLC14A1,,,yes,,,,,
SLC16A14,,,,yes,,,,
SLC16A3,,,,,yes,,,
SLC16A4,,,,,yes,,,
SLC19A1,,,,,yes,,,
SLC1A4,,yes,,,,,,
SLC22A1,,,,,yes,yes,,
SLC22A4,,,,,yes,,,
SLC22A5,,,,,yes,,,
SLC22A7,,,,yes,,,,
SLC25A12,,,,,yes,,,
SLC2A1,,yes,,,,,,
SLC2A3,,,,,yes,,,
SLC35C1,,yes,,,,,,
SLC38A4,,,,yes,,,,
SLC3A2,,yes,yes,,yes,,yes,
SLC44A4,,,,,yes,,,
SLC51A,,,,,yes,,,
SLC51B,,,,,yes,,,
SLC52A1,yes,,,,yes,,,
SLC52A2,,,,,yes,,,
SLC5A10,,,,yes,,,,
SLC5A5,,,,,yes,,,
SLC5A7,,,,,yes,,,
SLC6A11,,,,,yes,,,
SLC6A14,,,,yes,,,,
SLC7A4,,,,,yes,,,
SLC7A5P1,,,,yes,,,,
SLC7A5P2,,,,yes,,,,
SLC7A9,,,,,yes,,,
SLCO1C1,,,,,yes,,,
SLCO6A1,,,,,yes,,,
SLIT3,,,,,yes,,,
SLURP1,,,,,yes,,,
SMAD1,,,,,,,,yes
SMAD3,,,,,yes,,,
SMAD9,,,,yes,,,,
SMG1,,,,,yes,,,
SMOC1,,yes,,,,,,
SMPD1,,yes,,,,,,
SMS,,,,,yes,,,
SMTNL2,,,,,yes,,,
SNAI2,,,,,yes,,,
SNAPIN,,,,,yes,,,
SNCA,,,,,yes,,,
SNRPA,,,,,,,,yes
SNX16,,,,yes,,,,
SOAT1,,,,,yes,yes,,
SOCS1,,,,yes,yes,,,
SOCS2,,,,yes,yes,,,
SOCS2-AS1,,,,yes,,,,
SOCS3,,,,yes,yes,,,
SOD1,,,yes,,yes,,,
SOD2,,,,,yes,,,
SOD3,,,,,yes,,,
SOGA2,,,,yes,,,,
SOS1,,,,,yes,,,
SOX18,,,,yes,,,,
SP1,,,,,yes,,,
SPA17,,,,,yes,,,
SPAG1,,,,yes,,,,
SPAG11A,,,,,yes,,,
SPAG11B,,,,,yes,,,
SPAG16,,,,,yes,,,
SPATA2,,,,,yes,,,
SPATA6L,,,,yes,,,,
SPESP1,,,,,yes,,,
SPHK1,,,,,,,,yes
SPINT1,,,,yes,,,,
SPP1,,,,,yes,,,yes
SPRED2,,,,,yes,,,
SPRR1B,,,,,,yes,,
SPRY2,,,,,yes,,,
SPSB1,,,,,yes,,,
SPTAN1,,,,,,yes,,
SPTBN1,,,,,,yes,,
SPTBN5,,yes,,,,,,
SPZ1,,,,,yes,,,
SQSTM1,,yes,,,,,,
SRC,,,,,yes,,,
SRF,,,,,yes,,,
SRR,,,,,,,,yes
SRRM2,,,,,,yes,,
SRY,,,,,yes,,,
SSB,,,,,yes,yes,,
SSRP1,,,,,yes,yes,,
SSSCA1,,,,,yes,,,
SST,,,,,yes,,,
SSTR4,,,,,yes,,,
SSUH2,,,,yes,,,,
ST14,,,,,,yes,,
ST3GAL5,,,,,yes,,,
ST6GALNAC5,,,,,yes,,,
STAG1,,,,,yes,,,
STAP2,,,,yes,,,,
STARD9,,yes,,,,,,
STAT1,,,yes,,yes,yes,yes,yes
STAT3,,,yes,,yes,yes,yes,yes
STAT4,,,,,yes,yes,,yes
STAT5A,,,,,yes,,,
STAT5B,,,,,yes,,,
STAT6,,,,,yes,,,
STC2,,,,,yes,,,
STEAP4,,,,,yes,,,
STIM1,,,yes,,,,,
STK19,,,,,yes,,,
STK24,,yes,,,,,,
STRA6,,,,,yes,,,
STS,,,,,yes,,yes,
STX11,,,,yes,,,,
STX3,,,,yes,,,,
STXBP6,,,,,yes,,,
SUB1,,,,,,,yes,
SULT1C4,,yes,,yes,,,,
SULT2A1,,,,,yes,,,
SUMO1,,,,,yes,,,
SUMO2,,,,,yes,,,
SUMO3,,,,,yes,,,
SUMO4,,,,,yes,,,
SUOX,,,,,yes,,,
SUPT3H,,yes,,,,,,
SUPT4H1,,yes,,,,,,
SVIL,,,,yes,,,,
SYNGAP1,,,,,yes,,,
SYNGR1,,,,,yes,,,
SYNGR3,,,,yes,,,,
SYNPO,,,,yes,,,,
SYT1,,,,,yes,,,
SYVN1,,,,,yes,,,
TAB2,,,,,yes,,,
TAC1,,,,,yes,,,
TACR1,,,,,yes,,,
TACR2,,,,,yes,,,
TACR3,,,,,yes,,,
TADA1,,,,,yes,,,
TAGAP,,,,,yes,,,
TAGLN,,,,yes,,,,
TAL1,,,,,yes,,,
TANK,,,,,yes,,,
TAP1,,,,,yes,,,
TAP2,,,,,yes,yes,,
TAPBP,,,,,yes,,,
TARP,,,,,yes,,,
TAT,,,,,yes,,,
TBC1D22B,,yes,,,,,,
TBC1D9,,,,,yes,,,
TBCA,,yes,,,,,,
TBX1,,,,,yes,,,
TBX15,,,,yes,,,,
TBX21,,,,,yes,,,
TBX3,,,,,yes,,,
TBX4,,,,yes,,,,
TBX5,,,,,yes,,,
TBXAS1,,,,,,,,yes
TCF19,,,,,yes,,,
TCP11L2,,yes,,yes,,,,
TDGF1,,,,,yes,,,
TDGF1P3,,,,,yes,,,
TDRD6,,,,yes,,,,
TEC,,,,,yes,,,
TEK,,,,,yes,,,
TELO2,,,,,yes,,,
TENM2,,,,yes,,,,
TERC,,,,yes,,,,
TERF2IP,,,,,yes,,,
TERT,,,,,yes,,,
TET2,,,,,yes,,,
TF,,,,,yes,,,
TFEB,,,,yes,,,,
TFPI,yes,,,,,,,
TFPI2,,,,,yes,,,
TGFA,,,,,yes,,,
TGFB1,,,,,yes,yes,yes,yes
TGFB1I1,,,,yes,,,,yes
TGFB2,,,,,yes,,,
TGFB3,,,,,yes,,,
TGFBI,,,,,yes,,,
TGFBR1,,,,,yes,,,
TGIF1,,,,,yes,,,
TGM1,,,,,yes,,,
TGM2,,,,,yes,,,
TH,,,,,yes,,,
THBD,,,,,yes,,,
THBS1,,yes,,,yes,yes,,
THBS4,,,,yes,,,,
THNSL2,,,,,yes,,,
THPO,,,,,,,yes,
THSD4,,,,yes,,,,
THY1,,,,,,,,yes
TIA1,,,,,yes,,,
TICAM1,,,,yes,,,,
TICAM2,,,,,yes,,,
TIE1,,,,,yes,,,
TIFA,,yes,,,,,,
TIMD4,,,,,yes,,,
TIMELESS,,,,,,,yes,
TIMP1,,,,,yes,,,yes
TIMP2,,,,,yes,,,
TIMP3,,,,,yes,,,
TINAGL1,,,,,yes,,,
TIPARP,,,,,yes,,,
TIRAP,,,,,yes,,,
TLE3,,,,,yes,,,
TLR1,,,,,yes,,,
TLR2,,,,,yes,,,
TLR3,,,,yes,yes,,,yes
TLR4,yes,,,,yes,,yes,yes
TLR5,,,,,yes,,,
TLR7,,,,,yes,,,yes
TLR8,,,,,yes,,,
TLR9,,,,,yes,,,yes
TM7SF2,,,,,yes,,,
TMC7,,,,yes,,,,
TMED2,,,,,,yes,,
TMED7,,,,,yes,,,
TMED7-TICAM2,,,,,yes,,,
TMEM144,,yes,,,,,,
TMEM150B,,,,yes,,,,
TMEM184A,,,,yes,,,,
TMEM187,,,,,yes,,,
TMEM220,,yes,,,,,,
TMEM27,,,,yes,,,,
TMEM45A,,yes,,,,,,
TMEM45B,,,,yes,,,,
TMPO,,,,,yes,,,
TMPRSS11D,,,,,yes,,,
TMPRSS9,,,,yes,,,,
TMUB2,,yes,,,,,,
TNC,,,,,yes,,,
TNF,yes,,,,yes,yes,yes,yes
TNFAIP2,,,,yes,yes,,,
TNFAIP3,,,,yes,yes,yes,yes,
TNFRSF10A,,,,,yes,,,
TNFRSF10B,,,,,yes,,,
TNFRSF11A,,,,,yes,,,
TNFRSF11B,,,,,yes,,,yes
TNFRSF13B,,,,,,,yes,
TNFRSF13C,,,,,yes,yes,yes,
TNFRSF14,,,,yes,yes,,,
TNFRSF17,,,,,yes,,yes,
TNFRSF18,,,,,yes,,,
TNFRSF1A,,,,,yes,yes,,
TNFRSF1B,,,,,yes,,,yes
TNFRSF25,,,,,yes,,,
TNFRSF6B,,,,,yes,,,yes
TNFRSF8,,,,,yes,,,
TNFRSF9,,,,yes,yes,,,
TNFSF10,,,,,yes,,yes,
TNFSF11,,,,,yes,,,
TNFSF12,,,,,yes,,yes,
TNFSF12-TNFSF13,,,,,yes,,yes,
TNFSF13,,,,,yes,yes,yes,
TNFSF13B,,,,,yes,yes,yes,
TNFSF14,,,,,yes,,,
TNFSF15,,,,,yes,,,
TNFSF4,,,,,yes,,,
TNFSF9,,,,,yes,,,
TNIP1,,,,,yes,yes,,
TNNI1,,,,yes,,,,
TNP1,,,,,yes,,,
TNPO3,,,,,yes,yes,,
TNS1,,,,yes,,,,
TNXB,,,,,yes,,,
TOP2B,,,,,yes,,,
TP53,,,,,yes,yes,,
TP63,,,,,yes,,,
TPD52,,,,,yes,,,
TPI1,,,,,yes,,,
TPMT,,,,,yes,,,
TPP2,,,yes,,,,yes,
TPPP,,,,,,yes,,
TPRG1,,,,yes,,,,
TPSAB1,,,,,yes,,,
TPT1,,,,,yes,,,
TRA,,,,,yes,,,
TRAC,,,,,yes,,,
TRAF1,,,,,yes,,,
TRAF3IP2,,,,,yes,yes,,
TRAF5,,,,,yes,,,
TRAF6,,,,,yes,,,
TRAJ60,,,,,yes,,,
TRAP,,,,,yes,,,
TRAV5,,,,,yes,,,
TRAV6,,,,,yes,,,
TRB,,,,,yes,,,
TRBC1,,,,,yes,,,
TRBC2,,,,,yes,,,
TRBV16,,,,,yes,,,
TRBV2,,,,,yes,,,
TRBV20-1,,,,,yes,,,
TRBV20OR9-2,,,,,yes,yes,,
TRBV6-7,,,,,yes,,,
TREM1,,,,,yes,,,
TREM2,,,,,yes,,,
TREX1,,,,,yes,,,
TRG,,,,,yes,,,
TRGC1,,,,,yes,,,
TRGV3,,,,,yes,,,
TRIB3,,yes,,,,,,
TRIM10,,,,,yes,,,
TRIM15,,,,,yes,,,
TRIM16,,,,,yes,,,
TRIM21,,,,yes,yes,yes,yes,yes
TRIM23,,yes,,yes,,,,
TRIM26,,,,,yes,,,
TRIM31,,,,,yes,,,
TRIM31-AS1,,,,,yes,,,
TRIM38,,,,,yes,,,
TRIM39,,,,,yes,,,
TRIM39-RPP21,,,,,yes,,,
TRIM40,,,,,yes,,,
TRIM47,,,,yes,,,,
TRIM50,,,,yes,,,,
TRIM68,,,,,,yes,,
TROVE2,,,,,,yes,yes,
TRPC1,,,,,yes,,,
TRPC5,,,,,yes,,,
TRPM3,,,,yes,,,,
TRPV1,,yes,,,yes,,,
TRPV2,,,,yes,yes,,,
TSC22D3,,,,,yes,,,
TSHR,yes,,,,,,,
TSHZ1,,,,,,,yes,
TSLP,,,yes,,yes,,,
TSPAN33,,,,,yes,,,
TSPAN5,,yes,,,,,,
TTC21A,,,,yes,,,,
TTC25,,,,yes,,,,
TTN,,,,,yes,,,
TUBB,,,,,,,yes,
TXLNA,,,,,,yes,,
TXN,,,,,yes,yes,,
TXNDC5,,,,,yes,,,
TXNIP,,yes,,,yes,,,
TXNRD1,,,,,yes,,,
TXNRD3,,yes,,,,,,
TYK2,,,,,yes,,,
TYMP,,,,,yes,,,
TYMS,,,,,yes,,,
TYROBP,,,,,yes,,,
TYW3,,yes,,,,,,
TYW5,,yes,,,,,,
UACA,,,,yes,,,,
UAP1L1,,yes,,yes,,,,
UBA7,,,,,yes,,,
UBASH3A,,,,,yes,,,
UBASH3B,,,,yes,,,,
UBE2L3,,,,,yes,,,
UBE2L6,,yes,,,,,,
UBL5,,yes,,,,,,
UBTF,,,,,yes,yes,,
UCA1,,,,yes,,,,
UCN,,,,,yes,,,
UCN2,,,,,yes,,,
UCN3,,,,,yes,,,
UGCG,,,,,yes,,,
UGT1A1,,,,yes,,,,
UGT1A10,,,,yes,,,,
UGT1A3,,,,yes,,,,
UGT1A4,,,,yes,,,,
UGT1A5,,,,yes,,,,
UGT1A6,,,,yes,,,,
UGT1A7,,,,yes,,,,
UGT1A8,,,,yes,,,,
UGT1A9,,,,yes,,,,
UHRF1,,,,,yes,,,
UHRF1BP1,,,,,yes,,,
ULBP1,,,,yes,,,,
UNC5B,,,,yes,yes,,,
UNC5C,,,,,yes,,,
UQCC2,,,,,yes,,,
URGCP,,,,,yes,,,
URI1,,,,,yes,,,
USO1,,,,,yes,yes,,
USP14,,,,,yes,,,
VAC14,,,,,,yes,,
VAMP7,,yes,,,,,,
VARS,,,,,yes,,,
VARS2,,,,,yes,,,
VCAM1,,,,,yes,,,yes
VDR,,,,,yes,,yes,
VEGFA,,,,,yes,,,yes
VEGFC,,,,,yes,,,
VEGFD,,,,,yes,,,
VGF,,,,yes,,,,
VHL,,,,,,,,yes
VIL1,,,,,yes,,,
VIM,,,,,yes,,,
VIP,,,,,yes,yes,,
VIPR1,,,,,yes,,,
VIPR2,,,,,,yes,,
VLDLR,,yes,,,,,,
VNN1,,,,yes,,,yes,
VNN3,,,,yes,,,,
VPREB1,,,,,yes,,,
VPS18,,yes,,,,,,
VPS37C,,,,,yes,,,
VPS51,,,,,yes,,,
VPS52,,,,,yes,,,
VSIG10L,,,,yes,,,,
VSIG4,,,,,yes,,,
VSTM1,,,,,yes,,,
VTCN1,,,,,yes,,,
VTN,,,,,yes,,,
VWA7,,,,,yes,,,
VWF,,,,,yes,,yes,
WARS,,,,,yes,,,
WARS2,,,,,yes,,,
WDFY4,,,,,yes,,,
WDHD1,,,,,,yes,,
WDR11,,,,,yes,,,
WDR27,,,,,yes,,,
WDR66,,,,yes,,,,
WDSUB1,,yes,,,,,,
WG,,,,,yes,,,yes
WIF1,,,,,yes,,,
WISP3,,,,,yes,,,
WNK1,,,,,yes,,,
WNT1,,,,,yes,,,
WNT10B,,,,,yes,,,
WNT2,,,,,yes,,,
WNT5A,,,,,yes,,,
WT1,,,,,,,,yes
WWC1,,,,yes,,,,
XBP1,,,,,yes,,,
XBP1P1,,,,,yes,,,
XCL1,,,,,yes,,,
XDH,,,,yes,,yes,,
XIAP,,,,,yes,,,
XPR1,,,,,yes,,,
XRCC1,,,,,yes,,,
YME1L1,,,,,yes,,,
YWHAE,,,,,yes,,,
YWHAZ,,,,,yes,,,yes
ZAP70,,,,,yes,,,
ZBTB10,,yes,,,,,,
ZBTB16,,,,,yes,,,
ZBTB21,,yes,,yes,,,,
ZBTB22,,,,,yes,,,
ZBTB7A,,,,,yes,,,
ZC3H12A,,,,yes,,,,
ZC3H12C,,yes,,yes,,,,
ZC3H12D,,,,yes,,,,
ZC3H6,,yes,,,,,,
ZC3HC1,,,,,yes,,,
ZCCHC2,,,,,yes,,,
ZDHHC2,,,,,yes,,,
ZEB2,,,,yes,,,,
ZFAS1,,,,,yes,,,
ZFHX2,,yes,,,,,,
ZFP36,,,,,yes,,,
ZFP36L1,,yes,,,,,,
ZFP42,,,,,yes,,,
ZFYVE9,,,,,yes,,,
ZGLP1,,,,yes,,,,
ZKSCAN4,,,,,yes,,,
ZMYM5,,yes,,,,,,
ZNF135,,,,yes,,,,
ZNF165,,,,yes,,,,
ZNF224,,yes,,,,,,
ZNF232,,yes,,,,,,
ZNF292,,,,,yes,,,
ZNF302,,,,,yes,,,
ZNF334,,,,,yes,,,
ZNF354B,,,,yes,,,,
ZNF416,,,,yes,,,,
ZNF419,,,,yes,,,,
ZNF423,,,,,yes,,,
ZNF449,,,,yes,,,,
ZNF528,,,,yes,,,,
ZNF544,,yes,,,,,,
ZNF550,,,,yes,,,,
ZNF57,,yes,,,,,,
ZNF571,,,,yes,,,,
ZNF585A,,,,yes,,,,
ZNF585B,,,,yes,,,,
ZNF597,,,,yes,,,,
ZNF615,,,,yes,,,,
ZNF644,,,,,yes,,,
ZNF669,,yes,,,,,,
ZNF778,,yes,,,,,,
ZNF789,,yes,,,,,,
ZNF823,,,,yes,,,,
ZNF852,,yes,,,,,,
ZNRD1ASP,,,,,yes,,,
ZSCAN12P1,,,,yes,,,,
ZSCAN18,,,,yes,,,,
ZSCAN26,,,,,yes,,,
